Date,XOM,CVX,Spread,Ratio,Log_XOM,Log_CVX
2023-03-03,112.81,164.96,52.15,1.462281713,0.01257766,0.01465586
2023-03-02,111.4,162.56,51.16,1.459245961,0.00458861,0.00314223
2023-03-01,110.89,162.05,51.16,1.461358103,0.00887687,0.00793016
2023-02-28,109.91,160.77,50.86,1.462742244,-0.00580606,-0.01267052
2023-02-27,110.55,162.82,52.27,1.47281773,-0.0018075,0.00252129
2023-02-24,110.75,162.41,51.66,1.466455982,9.03e-05,0.00295986
2023-02-23,110.74,161.93,51.19,1.462253928,0.00916231,0.00980522
2023-02-22,109.73,160.35,50.62,1.461314135,-0.01303776,-0.00404544
2023-02-21,111.17,161.0,49.83,1.448232437,-0.00098899,-0.01142517
2023-02-17,111.28,162.85,51.57,1.463425593,-0.03921034,-0.02258611
2023-02-16,115.73,166.57,50.84,1.439298367,-0.00293357,-0.01454224
2023-02-15,116.07,169.01,52.94,1.456104075,-0.00301088,-0.01939533
2023-02-14,116.42,172.32,55.9,1.480158048,-0.01178393,0.00763118
2023-02-13,117.8,171.01,53.21,1.451697793,-0.01156277,-0.00559801
2023-02-10,119.17,171.97,52.8,1.44306453,0.04128712,0.02074044
2023-02-09,114.35,168.44,54.09,1.473021425,0.00376747,-0.00921883
2023-02-08,113.92,170.0,56.08,1.492275281,-0.00873979,-0.02377397
2023-02-07,114.92,174.09,59.17,1.514879916,0.02815099,0.02589386
2023-02-06,111.73,169.64,57.91,1.518303052,-0.00169908,0.00112065
2023-02-03,111.92,169.45,57.53,1.514027877,0.00690369,0.00260001
2023-02-02,111.15,169.01,57.86,1.520557805,-0.03178806,-0.01380872
2023-02-01,114.74,171.36,56.62,1.493463483,-0.0110077,-0.01540363
2023-01-31,116.01,174.02,58.01,1.5000431,0.02134506,-0.00103383
2023-01-30,113.56,174.2,60.64,1.533990842,-0.01789113,-0.02969255
2023-01-27,115.61,179.45,63.84,1.552201367,-0.0184262,-0.0454277
2023-01-26,117.76,187.79,70.03,1.594684103,0.03940415,0.04749168
2023-01-25,113.21,179.08,65.87,1.58183906,-0.00528589,-0.00972473
2023-01-24,113.81,180.83,67.02,1.588876197,0.00926873,0.00094055
2023-01-23,112.76,180.66,67.9,1.602163888,-0.00521871,-0.00132758
2023-01-20,113.35,180.9,67.55,1.595941773,0.01807144,0.01055859
2023-01-19,111.32,179.0,67.68,1.607977003,0.00639844,0.00993748
2023-01-18,110.61,177.23,66.62,1.602296357,-0.02075766,-0.01822705
2023-01-17,112.93,180.49,67.56,1.598246701,-0.00194621,0.01636679
2023-01-13,113.15,177.56,64.41,1.569244366,-0.00061846,0.00270697
2023-01-12,113.22,177.08,63.86,1.564034623,0.01647484,0.01067343
2023-01-11,111.37,175.2,63.83,1.573134596,0.01155978,-0.00478306
2023-01-10,110.09,176.04,65.95,1.599055318,0.01482458,0.00489723
2023-01-09,108.47,175.18,66.71,1.615008758,-0.01881334,-0.00784675
2023-01-06,110.53,176.56,66.03,1.597394373,0.01201434,0.0075043
2023-01-05,109.21,175.24,66.03,1.604614962,0.02212746,0.01784836
2023-01-04,106.82,172.14,65.32,1.611495975,0.0029063,-0.01068973
2023-01-03,106.51,173.99,67.48,1.633555535,-0.03496505,-0.03112167
2022-12-30,110.3,179.49,69.19,1.627289211,0.01002286,0.00653981
2022-12-29,109.2,178.32,69.12,1.632967033,0.00753749,0.00754296
2022-12-28,108.38,176.98,68.6,1.63295811,-0.01656258,-0.01486245
2022-12-27,110.19,179.63,69.44,1.630184227,0.01379836,0.01249211
2022-12-23,108.68,177.4,68.72,1.632315053,0.02610141,0.03044758
2022-12-22,105.88,172.08,66.2,1.625236116,-0.02038025,-0.01511073
2022-12-21,108.06,174.7,66.64,1.616694429,0.0127592,0.01168796
2022-12-20,106.69,172.67,65.98,1.618427219,0.01434934,0.01628995
2022-12-19,105.17,169.88,64.71,1.615289531,0.00447897,0.00685177
2022-12-16,104.7,168.72,64.02,1.611461318,-0.00704295,-0.01365691
2022-12-15,105.44,171.04,65.6,1.62215478,-0.00962726,-0.0075138
2022-12-14,106.46,172.33,65.87,1.618730039,-0.00739323,-0.00693925
2022-12-13,107.25,173.53,66.28,1.617995338,0.01087477,0.02202373
2022-12-12,106.09,169.75,63.66,1.600056556,0.02432978,0.01036279
2022-12-09,103.54,168.0,64.46,1.622561329,-0.00846322,-0.03244414
2022-12-08,104.42,173.54,69.12,1.661942157,0.00740139,0.00589495
2022-12-07,103.65,172.52,68.87,1.66444766,-0.00221655,0.00296056
2022-12-06,103.88,172.01,68.13,1.655852907,-0.02818959,-0.02610815
2022-12-05,106.85,176.56,69.71,1.65240992,-0.02778085,-0.025002
2022-12-02,109.86,181.03,71.17,1.647824504,-0.00851995,-0.00803261
2022-12-01,110.8,182.49,71.69,1.647021661,-0.00486181,-0.00448333
2022-11-30,111.34,183.31,71.97,1.646398419,0.00721114,0.01251595
2022-11-29,110.54,181.03,70.49,1.637687715,0.00662585,0.01485878
2022-11-28,109.81,178.36,68.55,1.624260086,-0.0304929,-0.02950001
2022-11-25,113.21,183.7,70.49,1.622648176,-0.00352703,-0.00293526
2022-11-23,113.61,184.24,70.63,1.621688232,-0.00500462,-0.00891585
2022-11-22,114.18,185.89,71.71,1.62804344,0.02851626,0.02533298
2022-11-21,110.97,181.24,70.27,1.633234207,-0.00995301,-0.00960939
2022-11-18,112.08,182.99,70.91,1.632673091,-0.00870575,-0.00599326
2022-11-17,113.06,184.09,71.03,1.628250486,0.00132761,-0.004877
2022-11-16,112.91,184.99,72.08,1.638384554,-0.01074711,-0.01640612
2022-11-15,114.13,188.05,73.92,1.647682467,0.00668134,0.00800859
2022-11-14,113.37,186.55,73.18,1.645497045,-0.00510295,0.00048256
2022-11-11,113.95,186.46,72.51,1.636331724,0.03074423,0.02806362
2022-11-10,110.5,181.3,70.8,1.640723982,0.01458549,0.0187629
2022-11-09,108.9,177.93,69.03,1.633884298,-0.04576842,-0.04080176
2022-11-08,114.0,185.34,71.34,1.625789474,0.00316289,-0.00145572
2022-11-07,113.64,185.61,71.97,1.633315734,0.01177265,0.01186909
2022-11-04,112.31,183.42,71.11,1.633158223,0.01083221,0.0125636
2022-11-03,111.1,181.13,70.03,1.630333033,0.01350209,0.0146264
2022-11-02,109.61,178.5,68.89,1.628501049,-0.02076637,-0.02062615
2022-11-01,111.91,182.22,70.31,1.628272719,0.00987795,0.00727036
2022-10-31,110.81,180.9,70.09,1.63252414,0.00099318,0.00509866
2022-10-28,110.7,179.98,69.28,1.625835592,0.02886798,0.01162414
2022-10-27,107.55,177.9,70.35,1.654114365,0.00381947,0.00456352
2022-10-26,107.14,177.09,69.95,1.652884077,0.01183001,0.01227218
2022-10-25,105.88,174.93,69.05,1.652153381,-0.00677713,0.01034314
2022-10-24,106.6,173.13,66.53,1.624108818,0.00696605,-0.0003465
2022-10-21,105.86,173.19,67.33,1.636028717,0.01839987,0.02472726
2022-10-20,103.93,168.96,65.03,1.625709612,0.00134797,0.00569802
2022-10-19,103.79,168.0,64.21,1.618653049,0.02923127,0.03193305
2022-10-18,100.8,162.72,61.92,1.614285714,0.00178731,0.00870295
2022-10-17,100.62,161.31,60.69,1.603160405,0.01431384,0.00727955
2022-10-14,99.19,160.14,60.95,1.614477266,-0.02666029,-0.03159257
2022-10-13,101.87,165.28,63.41,1.622459998,0.03435185,0.04732705
2022-10-12,98.43,157.64,59.21,1.601544245,0.00437816,0.00298593
2022-10-11,98.0,157.17,59.17,1.60377551,-0.0085349,0.00019089
2022-10-10,98.84,157.14,58.3,1.589842169,-0.02191512,-0.01822417
2022-10-07,101.03,160.03,59.0,1.583984955,-0.01014337,-0.00864837
2022-10-06,102.06,161.42,59.36,1.581618656,0.02922964,0.01806581
2022-10-05,99.12,158.53,59.41,1.599374496,0.03961627,0.00569334
2022-10-04,95.27,157.63,62.36,1.654560722,0.03579633,0.03814789
2022-10-03,91.92,151.73,59.81,1.6506745,0.05145363,0.05458362
2022-09-30,87.31,143.67,56.36,1.645515978,-0.01556938,-0.00762727
2022-09-29,88.68,144.77,56.09,1.632498872,-0.00202771,-0.00695236
2022-09-28,88.86,145.78,56.92,1.640558181,0.03574264,0.03319691
2022-09-27,85.74,141.02,55.28,1.644739911,0.02074079,0.00042556
2022-09-26,83.98,140.96,56.98,1.67849488,-0.02085741,-0.02667011
2022-09-23,85.75,144.77,59.02,1.688279883,-0.05468695,-0.06756891
2022-09-22,90.57,154.89,64.32,1.71016893,-0.00418687,-0.00077444
2022-09-21,90.95,155.01,64.06,1.704343046,-0.01624988,-0.00815964
2022-09-20,92.44,156.28,63.84,1.690610125,-0.00818794,-0.00395939
2022-09-19,93.2,156.9,63.7,1.683476395,-0.00010729,0.00287219
2022-09-16,93.21,156.45,63.24,1.678467976,-0.0172308,-0.02630486
2022-09-15,94.83,160.62,65.79,1.693767795,-0.02950863,-0.01636395
2022-09-14,97.67,163.27,65.6,1.671649432,0.02424989,0.02392577
2022-09-13,95.33,159.41,64.08,1.672191335,-0.02363539,-0.0191985
2022-09-12,97.61,162.5,64.89,1.664788444,0.01143694,0.0156917
2022-09-09,96.5,159.97,63.47,1.657720207,0.01661393,0.02545085
2022-09-08,94.91,155.95,61.04,1.643135602,0.00814604,0.0054009
2022-09-07,94.14,155.11,60.97,1.647652433,-0.0085674,-0.0128753
2022-09-06,94.95,157.12,62.17,1.654765666,-0.00671777,-0.00463537
2022-09-02,95.59,157.85,62.26,1.65132336,0.01815737,0.01474228
2022-09-01,93.87,155.54,61.67,1.656972409,-0.01815737,-0.01607177
2022-08-31,95.59,158.06,62.47,1.653520243,-0.00750394,-0.01606662
2022-08-30,96.31,160.62,64.31,1.667739591,-0.03879731,-0.0246592
2022-08-29,100.12,164.63,64.51,1.644326808,0.0227294,0.00743815
2022-08-26,97.87,163.41,65.54,1.66966384,-0.01238846,-0.00737741
2022-08-25,99.09,164.62,65.53,1.661317994,0.00516013,0.00872462
2022-08-24,98.58,163.19,64.61,1.655406776,0.00590092,0.00738056
2022-08-23,98.0,161.99,63.99,1.652959184,0.04156632,0.03192595
2022-08-22,94.01,156.9,62.89,1.668971386,-0.00074432,-0.00502242
2022-08-19,94.08,157.69,63.61,1.676126701,-0.0031837,-0.0083989
2022-08-18,94.38,159.02,64.64,1.684890867,0.02336906,0.00833549
2022-08-17,92.2,157.7,65.5,1.710412148,0.00805841,0.00821373
2022-08-16,91.46,156.41,64.95,1.710146512,-0.00935908,-0.00255412
2022-08-15,92.32,156.81,64.49,1.698548527,-0.01803398,-0.01920099
2022-08-12,94.0,159.85,65.85,1.700531915,0.00865436,0.00143989
2022-08-11,93.19,159.62,66.43,1.712844726,0.01884804,0.0240945
2022-08-10,91.45,155.82,64.37,1.703881903,0.00944854,0.00263471
2022-08-09,90.59,155.41,64.82,1.715531516,0.01826942,0.01295271
2022-08-08,88.95,153.41,64.46,1.724676785,0.00563699,-0.00149813
2022-08-05,88.45,153.64,65.19,1.737026569,0.01434778,0.01640564
2022-08-04,87.19,151.14,63.95,1.733455672,-0.04298962,-0.02753844
2022-08-03,91.02,155.36,64.34,1.706877609,-0.03295992,-0.02403931
2022-08-02,94.07,159.14,65.07,1.691718933,-0.00434899,-0.00857193
2022-08-01,94.48,160.51,66.03,1.698878069,-0.0256009,-0.02016782
2022-07-29,96.93,163.78,66.85,1.68967296,0.04526805,0.08529214
2022-07-28,92.64,150.39,57.75,1.623380829,0.01161731,0.00754217
2022-07-27,91.57,149.26,57.69,1.630009829,0.02141362,0.01308266
2022-07-26,89.63,147.32,57.69,1.643646101,-0.00389734,-0.00784318
2022-07-25,89.98,148.48,58.5,1.650144477,0.03276019,0.02931839
2022-07-22,87.08,144.19,57.11,1.655833716,-0.00766463,-0.00835669
2022-07-21,87.75,145.4,57.65,1.656980057,-0.01683751,-0.00767337
2022-07-20,89.24,146.52,57.28,1.641864635,0.01092907,0.01312147
2022-07-19,88.27,144.61,56.34,1.638268948,0.02489089,0.03540255
2022-07-18,86.1,139.58,53.48,1.621138211,0.01828462,0.01392368
2022-07-15,84.54,137.65,53.11,1.628223326,0.01669886,0.01250062
2022-07-14,83.14,135.94,52.8,1.63507337,-0.0202412,-0.01496761
2022-07-13,84.84,137.99,53.15,1.626473362,0.0040156,-0.00671701
2022-07-12,84.5,138.92,54.42,1.644023669,-0.01340093,-0.01847216
2022-07-11,85.64,141.51,55.87,1.652382064,-0.00512463,-0.00886456
2022-07-08,86.08,142.77,56.69,1.65857342,0.00162772,-0.00523945
2022-07-07,85.94,143.52,57.58,1.670002327,0.03144095,0.01927601
2022-07-06,83.28,140.78,57.5,1.690441883,-0.01820504,-0.01326579
2022-07-05,84.81,142.66,57.85,1.682112958,-0.0317966,-0.02662951
2022-07-01,87.55,146.51,58.96,1.673443746,0.0220576,0.01187834
2022-06-30,85.64,144.78,59.14,1.690565156,-0.02854706,-0.01508117
2022-06-29,88.12,146.98,58.86,1.667952792,-0.03763945,-0.01993869
2022-06-28,91.5,149.94,58.44,1.638688525,0.02736558,0.01593257
2022-06-27,89.03,147.57,58.54,1.657531169,0.02421536,0.01915636
2022-06-24,86.9,144.77,57.87,1.66593786,0.01963923,0.01629563
2022-06-23,85.21,142.43,57.22,1.671517428,-0.03062584,-0.03748286
2022-06-22,87.86,147.87,60.01,1.683018438,-0.04037573,-0.04444294
2022-06-21,91.48,154.59,63.11,1.689877569,0.0603787,0.0409999
2022-06-17,86.12,148.38,62.26,1.722944728,-0.05939439,-0.04674056
2022-06-16,91.39,155.48,64.09,1.701280228,-0.03758226,-0.05493343
2022-06-15,94.89,164.26,69.37,1.731057013,-0.01267099,-0.01983128
2022-06-14,96.1,167.55,71.45,1.743496358,0.00260485,0.0013139
2022-06-13,95.85,167.33,71.48,1.745748565,-0.04697517,-0.04710117
2022-06-10,100.46,175.4,74.94,1.745968545,-0.01844325,-0.0120142
2022-06-09,102.33,177.52,75.19,1.734779635,-0.02184506,-0.02013173
2022-06-08,104.59,181.13,76.54,1.731809924,0.01173316,0.00514766
2022-06-07,103.37,180.2,76.83,1.743252394,0.0448124,0.01887853
2022-06-06,98.84,176.83,77.99,1.789053015,-0.00252615,-0.00434501
2022-06-03,99.09,177.6,78.51,1.792310021,0.01443408,0.00904984
2022-06-02,97.67,176.0,78.33,1.80198628,-0.00173904,-0.00181653
2022-06-01,97.84,176.32,78.48,1.80212592,0.0189853,0.0094593
2022-05-31,96.0,174.66,78.66,1.819375,-0.01642684,-0.02051412
2022-05-27,97.59,178.28,80.69,1.826826519,0.00978229,0.00952469
2022-05-26,96.64,176.59,79.95,1.827297185,0.00352442,0.00670457
2022-05-25,96.3,175.41,79.11,1.821495327,0.01992725,0.01591759
2022-05-24,94.4,172.64,78.24,1.828813559,0.00541719,0.00534326
2022-05-23,93.89,171.72,77.83,1.82894877,0.02185821,0.02297327
2022-05-20,91.86,167.82,75.96,1.826910516,0.00786889,0.00573684
2022-05-19,91.14,166.86,75.72,1.830809743,0.00539085,-0.00716592
2022-05-18,90.65,168.06,77.41,1.85394374,-0.01597758,-0.03490664
2022-05-17,92.11,174.03,81.92,1.889371404,0.01267361,0.0058783
2022-05-16,90.95,173.01,82.06,1.902253986,0.02324781,0.03015953
2022-05-13,88.86,167.87,79.01,1.889151474,0.0292325,0.01900352
2022-05-12,86.3,164.71,78.41,1.908574739,-0.00566181,0.00945504
2022-05-11,86.79,163.16,76.37,1.879940085,0.02060488,0.01469434
2022-05-10,85.02,160.78,75.76,1.891084451,0.00660847,0.00956168
2022-05-09,84.46,159.25,74.79,1.885507933,-0.08213527,-0.06937375
2022-05-06,91.69,170.69,79.0,1.861598866,0.01516513,0.02629622
2022-05-05,90.31,166.26,75.95,1.840992138,-0.01527418,-0.00796769
2022-05-04,91.7,167.59,75.89,1.827589967,0.0390288,0.03090406
2022-05-03,88.19,162.49,74.3,1.84249915,0.02039017,0.01700637
2022-05-02,86.41,159.75,73.34,1.848744358,0.01351529,0.01946841
2022-04-29,85.25,156.67,71.42,1.837771261,-0.02261621,-0.03215752
2022-04-28,87.2,161.79,74.59,1.855389908,0.02979736,0.03490591
2022-04-27,84.64,156.24,71.6,1.845935728,0.02815737,-0.0018544
2022-04-26,82.29,156.53,74.24,1.902175234,0.00036463,-0.00611428
2022-04-25,82.26,157.49,75.23,1.914539266,-0.03429454,-0.02173179
2022-04-22,85.13,160.95,75.82,1.890637848,-0.02207339,-0.02230302
2022-04-21,87.03,164.58,77.55,1.891072044,-0.01062928,-0.04717436
2022-04-20,87.96,172.53,84.57,1.961459754,0.00227635,0.00406552
2022-04-19,87.76,171.83,84.07,1.95795351,-0.00896155,-0.0119173
2022-04-18,88.55,173.89,85.34,1.963749294,0.00816424,0.01331501
2022-04-14,87.83,171.59,83.76,1.95366048,0.01168131,-0.00046612
2022-04-13,86.81,171.67,84.86,1.97753715,0.01403654,0.01561614
2022-04-12,85.6,169.01,83.41,1.974415888,0.02065579,0.02062422
2022-04-11,83.85,165.56,81.71,1.974478235,-0.03503786,-0.02605292
2022-04-08,86.84,169.93,83.09,1.956817135,0.02082803,0.01679415
2022-04-07,85.05,167.1,82.05,1.964726631,0.01659789,0.01379914
2022-04-06,83.65,164.81,81.16,1.970233114,0.01105913,0.00883694
2022-04-05,82.73,163.36,80.63,1.974616221,-0.00518417,-0.00616363
2022-04-04,83.16,164.37,81.21,1.976551227,0.00048112,0.00091299
2022-04-01,83.12,164.22,81.1,1.975697786,0.00639674,0.00850028
2022-03-31,82.59,162.83,80.24,1.971546192,-0.01430571,-0.01614363
2022-03-30,83.78,165.48,81.7,1.975173072,0.01697302,0.0070346
2022-03-29,82.37,164.32,81.95,1.994901056,-0.00532753,-0.01227826
2022-03-28,82.81,166.35,83.54,2.00881536,-0.02845261,-0.01763735
2022-03-25,85.2,169.31,84.11,1.987206573,0.02159296,0.01793797
2022-03-24,83.38,166.3,82.92,1.994483089,0.00300282,0.00264933
2022-03-23,83.13,165.86,82.73,1.995188259,0.01563953,0.010729
2022-03-22,81.84,164.09,82.25,2.005009775,-0.00438918,-0.00334621
2022-03-21,82.2,164.64,82.44,2.002919708,0.04389341,0.01783299
2022-03-18,78.67,161.73,83.06,2.05580272,-0.00393277,0.00800824
2022-03-17,78.98,160.44,81.46,2.031400355,0.02629874,0.01716214
2022-03-16,76.93,157.71,80.78,2.050045496,-0.00376257,-0.00360771
2022-03-15,77.22,158.28,81.06,2.04972805,-0.05859627,-0.05195014
2022-03-14,81.88,166.72,84.84,2.036150464,-0.03645488,-0.02476283
2022-03-11,84.92,170.9,85.98,2.012482336,-0.00516797,0.00046822
2022-03-10,85.36,170.82,85.46,2.001171509,0.03057033,0.0269974
2022-03-09,82.79,166.27,83.48,2.00833434,-0.0585264,-0.02529826
2022-03-08,87.78,170.53,82.75,1.942697653,0.00754721,0.05106802
2022-03-07,87.12,162.04,74.92,1.859963269,0.03539882,0.0211427
2022-03-04,84.09,158.65,74.56,1.886669045,0.03694479,0.01543525
2022-03-03,81.04,156.22,75.18,1.92769003,0.00631307,0.01340399
2022-03-02,80.53,154.14,73.61,1.914069291,0.01703235,0.0290944
2022-03-01,79.17,149.72,70.55,1.891120374,0.00951844,0.03895358
2022-02-28,78.42,144.0,65.58,1.836266259,0.00742356,0.02546027
2022-02-25,77.84,140.38,62.54,1.80344296,0.02655715,0.04018998
2022-02-24,75.8,134.85,59.05,1.779023747,-0.01271565,-0.00517753
2022-02-23,76.77,135.55,58.78,1.765663671,0.00404621,0.02351293
2022-02-22,76.46,132.4,55.94,1.731624379,-0.01170212,-0.0076744
2022-02-18,77.36,133.42,56.06,1.724663909,-0.01118335,-0.00142306
2022-02-17,78.23,133.61,55.38,1.707912566,-0.00153276,-0.00515099
2022-02-16,78.35,134.3,55.95,1.714103382,0.00460536,0.00029789
2022-02-15,77.99,134.26,56.27,1.721502757,-0.01261404,-0.01779104
2022-02-14,78.98,136.67,57.69,1.730438086,-0.01545354,-0.01553683
2022-02-11,80.21,138.81,58.6,1.730582222,0.02486717,0.02015713
2022-02-10,78.24,136.04,57.8,1.738752556,-0.00966683,-0.01278183
2022-02-09,79.0,137.79,58.79,1.744177215,-0.01582351,0.00984583
2022-02-08,80.26,136.44,56.18,1.699975081,-0.02619271,-0.01534631
2022-02-07,82.39,138.55,56.16,1.681636121,0.01196595,0.01945913
2022-02-04,81.41,135.88,54.47,1.669082422,0.0214795,0.01244092
2022-02-03,79.68,134.2,54.52,1.684236948,-0.01172814,-0.00897599
2022-02-02,80.62,135.41,54.79,1.679608038,-0.00260143,0.0045892
2022-02-01,80.83,134.79,53.96,1.667573921,0.0621413,0.02600477
2022-01-31,75.96,131.33,55.37,1.728936282,0.00899239,0.00549746
2022-01-28,75.28,130.61,55.33,1.734989373,0.00212766,-0.03579599
2022-01-27,75.12,135.37,60.25,1.802050053,0.01272708,0.01999619
2022-01-26,74.17,132.69,58.52,1.788998247,-0.01019459,0.00075392
2022-01-25,74.93,132.59,57.66,1.769518217,0.02897576,0.04165825
2022-01-24,72.79,127.18,54.39,1.747218024,0.00855414,0.00212523
2022-01-21,72.17,126.91,54.74,1.758486906,-0.0151268,-0.01206155
2022-01-20,73.27,128.45,55.18,1.753104954,0.00218609,-0.00357476
2022-01-19,73.11,128.91,55.8,1.763233484,0.00041042,-0.00363932
2022-01-18,73.08,129.38,56.3,1.770388615,0.0166958,0.00325153
2022-01-14,71.87,128.96,57.09,1.794350911,0.01740395,0.01689124
2022-01-13,70.63,126.8,56.17,1.795271131,-0.00719478,-0.0041711
2022-01-12,71.14,127.33,56.19,1.789850998,-0.00294758,-0.00501372
2022-01-11,71.35,127.97,56.62,1.793552908,0.04120165,0.02260251
2022-01-10,68.47,125.11,56.64,1.827223602,-0.00597017,0.00063964
2022-01-07,68.88,125.03,56.15,1.81518583,0.00816331,0.01425776
2022-01-06,68.32,123.26,54.94,1.804156909,0.02324825,0.00847325
2022-01-05,66.75,122.22,55.47,1.831011236,0.01236072,0.00648473
2022-01-04,65.93,121.43,55.5,1.841801911,0.03692394,0.01803198
2022-01-03,63.54,119.26,55.72,1.876927919,0.03768585,0.01614506
2021-12-31,61.19,117.35,56.16,1.917797026,0.00655848,-0.00068149
2021-12-30,60.79,117.43,56.64,1.931732193,-0.00590456,-0.00441839
2021-12-29,61.15,117.95,56.8,1.928863451,-0.00879198,-0.00515836
2021-12-28,61.69,118.56,56.87,1.921867402,-0.00323677,-0.00193807
2021-12-27,61.89,118.79,56.9,1.919373081,0.01415694,0.02023879
2021-12-23,61.02,116.41,55.39,1.907735169,0.00049176,0.00240819
2021-12-22,60.99,116.13,55.14,1.904082636,0.00806655,0.0056995
2021-12-21,60.5,115.47,54.97,1.908595041,0.02239773,0.01588721
2021-12-20,59.16,113.65,54.49,1.921061528,-0.0145988,0.00044004
2021-12-17,60.03,113.6,53.57,1.89238714,-0.02207668,-0.02640876
2021-12-16,61.37,116.64,55.27,1.9006029,0.00163079,0.00930239
2021-12-15,61.27,115.56,54.29,1.886078015,-0.00439704,-0.00569507
2021-12-14,61.54,116.22,54.68,1.888527787,-0.0014614,0.00292977
2021-12-13,61.63,115.88,54.25,1.880253123,-0.02214468,-0.02100666
2021-12-10,63.01,118.34,55.33,1.878114585,0.00636843,0.00169148
2021-12-09,62.61,118.14,55.53,1.886919023,0.00255877,-0.00262057
2021-12-08,62.45,118.45,56.0,1.896717374,0.00288647,0.0044845
2021-12-07,62.27,117.92,55.65,1.893688775,0.01114263,0.01469358
2021-12-06,61.58,116.2,54.62,1.886976291,0.01126818,0.01552436
2021-12-03,60.89,114.41,53.52,1.878962063,-0.00638457,-0.00636029
2021-12-02,61.28,115.14,53.86,1.878916449,0.0246151,0.02675745
2021-12-01,59.79,112.1,52.31,1.874895467,-0.00083591,-0.00684538
2021-11-30,59.84,112.87,53.03,1.886196524,-0.02882519,-0.01739022
2021-11-29,61.59,114.85,53.26,1.864750771,0.00553567,0.00296477
2021-11-26,61.25,114.51,53.26,1.86955102,-0.03576105,-0.02313439
2021-11-24,63.48,117.19,53.71,1.846093258,0.0055288,0.00762349
2021-11-23,63.13,116.3,53.17,1.842230318,0.02599633,0.0207644
2021-11-22,61.51,113.91,52.4,1.851894001,0.01375042,0.01771369
2021-11-19,60.67,111.91,51.24,1.84456898,-0.04732135,-0.02244307
2021-11-18,63.61,114.45,50.84,1.799245402,-0.01094445,-0.0084396
2021-11-17,64.31,115.42,51.11,1.794744208,-0.01097977,-0.01598659
2021-11-16,65.02,117.28,52.26,1.803752691,0.01004723,0.00392995
2021-11-15,64.37,116.82,52.45,1.814820569,0.00858107,0.02242033
2021-11-12,63.82,114.23,50.41,1.789877781,-0.00764852,0.00061299
2021-11-11,64.31,114.16,49.85,1.775151609,0.0018677,8.76e-05
2021-11-10,64.19,114.15,49.96,1.778314379,-0.03324703,-0.01607682
2021-11-09,66.36,116.0,49.64,1.748040989,0.00969117,0.00735456
2021-11-08,65.72,115.15,49.43,1.75213025,0.01070838,0.00356693
2021-11-05,65.02,114.74,49.72,1.764687788,0.00942601,0.01077776
2021-11-04,64.41,113.51,49.1,1.76230399,0.00748017,0.00441463
2021-11-03,63.93,113.01,49.08,1.767714688,-0.01382546,-0.0072298
2021-11-02,64.82,113.83,49.01,1.756093798,-0.01241871,-0.00613069
2021-11-01,65.63,114.53,48.9,1.745086089,0.01783291,0.00034931
2021-10-29,64.47,114.49,50.02,1.775864743,0.00248486,0.01203828
2021-10-28,64.31,113.12,48.81,1.758979941,0.00280287,0.00932553
2021-10-27,64.13,112.07,47.94,1.747544051,-0.02631528,-0.01795158
2021-10-26,65.84,114.1,48.26,1.732989064,0.02289062,0.00219346
2021-10-25,64.35,113.85,49.5,1.769230769,0.01929926,0.00926545
2021-10-22,63.12,112.8,49.68,1.787072243,0.00683573,0.0094416
2021-10-21,62.69,111.74,49.05,1.782421439,-0.01833464,-0.012628
2021-10-20,63.85,113.16,49.31,1.772278778,0.00549668,0.01298604
2021-10-19,63.5,111.7,48.2,1.759055118,0.01491381,0.01934436
2021-10-18,62.56,109.56,47.0,1.751278772,-0.00047942,-0.00045627
2021-10-15,62.59,109.61,47.02,1.751238217,0.00947114,0.00732537
2021-10-14,62.0,108.81,46.81,1.755,0.01511364,0.00941835
2021-10-13,61.07,107.79,46.72,1.765023743,-0.00277982,0.00595517
2021-10-12,61.24,107.15,45.91,1.749673416,-0.00521174,0.00018667
2021-10-11,61.56,107.13,45.57,1.740253411,-0.0100211,-0.00855103
2021-10-08,62.18,108.05,45.87,1.737697009,0.0247489,0.02217842
2021-10-07,60.66,105.68,45.02,1.742169469,0.00280644,0.0071222
2021-10-06,60.49,104.93,44.44,1.734666887,-0.01850843,-0.00882401
2021-10-05,61.62,105.86,44.24,1.717948718,-0.00162153,0.01082734
2021-10-04,61.72,104.72,43.0,1.69669475,0.01288236,0.00373117
2021-10-01,60.93,104.33,43.4,1.712292795,0.03524373,0.02799289
2021-09-30,58.82,101.45,42.63,1.724753485,-0.01786063,-0.01836168
2021-09-29,59.88,103.33,43.45,1.725617902,-0.00066778,-0.00029029
2021-09-28,59.92,103.36,43.44,1.724966622,0.01040103,0.00378036
2021-09-27,59.3,102.97,43.67,1.736424958,0.02926036,0.02328543
2021-09-24,57.59,100.6,43.01,1.746831047,0.00889515,0.00538225
2021-09-23,57.08,100.06,42.98,1.752978276,0.0333097,0.02448276
2021-09-22,55.21,97.64,42.43,1.768520196,0.02884904,0.02899055
2021-09-21,53.64,94.85,41.21,1.768269948,-0.00093171,0.00073828
2021-09-20,53.69,94.78,41.09,1.765319426,-0.02701129,-0.02067527
2021-09-17,55.16,96.76,41.6,1.754169688,-0.01189418,-0.00577083
2021-09-16,55.82,97.32,41.5,1.743461125,-0.01069148,-0.00940895
2021-09-15,56.42,98.24,41.82,1.741226515,0.03315619,0.02098411
2021-09-14,54.58,96.2,41.62,1.762550385,-0.01437042,-0.01823195
2021-09-13,55.37,97.97,42.6,1.769369695,0.02542432,0.01958422
2021-09-10,53.98,96.07,42.09,1.779733235,-0.00203572,0.0007289
2021-09-09,54.09,96.0,41.91,1.774819745,0.00073978,-0.00405427
2021-09-08,54.05,96.39,42.34,1.783348751,-0.00920817,-0.00692688
2021-09-07,54.55,97.06,42.51,1.77928506,-0.00584904,-0.00442046
2021-09-03,54.87,97.49,42.62,1.776745034,-0.00381992,-0.0022541
2021-09-02,55.08,97.71,42.63,1.773965142,0.02407098,0.02068112
2021-09-01,53.77,95.71,41.94,1.779988841,-0.01385192,-0.01101424
2021-08-31,54.52,96.77,42.25,1.774944974,-0.01167045,-0.01660214
2021-08-30,55.16,98.39,43.23,1.783720087,-0.01099804,-0.00253769
2021-08-27,55.77,98.64,42.87,1.768692846,0.01918958,0.01450041
2021-08-26,54.71,97.22,42.51,1.777006032,-0.01361553,-0.01318161
2021-08-25,55.46,98.51,43.05,1.776235124,0.00180473,0.00682457
2021-08-24,55.36,97.84,42.48,1.76734104,0.00816183,0.0114099
2021-08-23,54.91,96.73,41.82,1.761609907,0.0403213,0.0254424
2021-08-20,52.74,94.3,41.56,1.788016686,0.00018963,0.00010605
2021-08-19,52.73,94.29,41.56,1.788166129,-0.03099576,-0.02523826
2021-08-18,54.39,96.7,42.31,1.777900349,-0.0212832,-0.04083027
2021-08-17,55.56,100.73,45.17,1.81299496,-0.00681617,-0.00188445
2021-08-16,55.94,100.92,44.98,1.804075795,-0.01472833,-0.01025246
2021-08-13,56.77,101.96,45.19,1.796019024,-0.01016483,-0.00664714
2021-08-12,57.35,102.64,45.29,1.789712293,-0.01728652,-0.0020439
2021-08-11,58.35,102.85,44.5,1.762639246,0.00291771,0.0075148
2021-08-10,58.18,102.08,43.9,1.75455483,0.01698775,0.01808975
2021-08-09,57.2,100.25,43.05,1.752622378,-0.0114724,-0.01681543
2021-08-06,57.86,101.95,44.09,1.762011753,0.0114724,0.00708734
2021-08-05,57.2,101.23,44.03,1.769755245,0.0063136,0.00922946
2021-08-04,56.84,100.3,43.46,1.764602393,-0.02364505,-0.02267224
2021-08-03,58.2,102.6,44.4,1.762886598,0.01071007,0.00949917
2021-08-02,57.58,101.63,44.05,1.765022577,0.00017369,-0.00176956
2021-07-30,57.57,101.81,44.24,1.768455793,-0.0233487,-0.00743716
2021-07-29,58.93,102.57,43.64,1.740539623,0.01212136,0.01364438
2021-07-28,58.22,101.18,42.96,1.737890759,0.00672127,0.00564945
2021-07-27,57.83,100.61,42.78,1.739754453,-0.01117714,-0.00337369
2021-07-26,58.48,100.95,42.47,1.72623119,0.02493204,0.02092064
2021-07-23,57.04,98.86,41.82,1.733169705,-0.00122646,0.00040469
2021-07-22,57.11,98.82,41.71,1.730344948,-0.01131726,-0.01006855
2021-07-21,57.76,99.82,42.06,1.728185596,0.03165934,0.03351472
2021-07-20,55.96,96.53,40.57,1.72498213,0.01096049,0.0059224
2021-07-19,55.35,95.96,40.61,1.73369467,-0.03497294,-0.02734264
2021-07-16,57.32,98.62,41.3,1.720516399,-0.02804002,-0.02681233
2021-07-15,58.95,101.3,42.35,1.718405428,-0.00979076,-0.00659224
2021-07-14,59.53,101.97,42.44,1.712917857,-0.02242433,-0.01903894
2021-07-13,60.88,103.93,43.05,1.707128778,-0.00475216,-0.00336199
2021-07-12,61.17,104.28,43.11,1.704757234,-0.00098039,0.00201584
2021-07-09,61.23,104.07,42.84,1.699657031,0.01796209,0.01422582
2021-07-08,60.14,102.6,42.46,1.706019288,-0.00447948,-0.00321121
2021-07-07,60.41,102.93,42.52,1.703856977,-0.01576646,-0.0102456
2021-07-06,61.37,103.99,42.62,1.694476128,-0.02890839,-0.01980451
2021-07-02,63.17,106.07,42.9,1.679119835,-0.00142371,-0.00131901
2021-07-01,63.26,106.21,42.95,1.67894404,0.00284946,0.01393718
2021-06-30,63.08,104.74,41.66,1.660431198,0.00731905,0.00940055
2021-06-29,62.62,103.76,41.14,1.656978601,-0.00620873,-0.0022142
2021-06-28,63.01,103.99,40.98,1.650372957,-0.02584933,-0.03133391
2021-06-25,64.66,107.3,42.64,1.659449428,0.00216752,0.00149226
2021-06-24,64.52,107.14,42.62,1.660570366,0.0040379,0.00815337
2021-06-23,64.26,106.27,42.01,1.653750389,0.00734092,-0.00122255
2021-06-22,63.79,106.4,42.61,1.667973037,0.01899092,0.0032949
2021-06-21,62.59,106.05,43.46,1.694360121,0.03561642,0.02889047
2021-06-18,60.4,103.03,42.63,1.705794702,-0.02598398,-0.03846262
2021-06-17,61.99,107.07,45.08,1.727214067,-0.03347128,-0.02399303
2021-06-16,64.1,109.67,45.57,1.710920437,-0.00358172,-0.00572807
2021-06-15,64.33,110.3,45.97,1.714596611,0.0357633,0.02135052
2021-06-14,62.07,107.97,45.9,1.739487675,-0.00160979,0.00055586
2021-06-11,62.17,107.91,45.74,1.735724626,-0.00928601,-0.00462279
2021-06-10,62.75,108.41,45.66,1.727649402,0.0015949,0.00582822
2021-06-09,62.65,107.78,45.13,1.720351157,0.00833472,-0.00877563
2021-06-08,62.13,108.73,46.6,1.750040238,0.01753576,0.00905402
2021-06-07,61.05,107.75,46.7,1.764946765,-0.00653064,-0.00647551
2021-06-04,61.45,108.45,47.0,1.764849471,0.0044035,0.00796153
2021-06-03,61.18,107.59,46.41,1.758581236,0.00393057,-0.00454399
2021-06-02,60.94,108.08,47.14,1.773547752,0.00790778,0.01331925
2021-06-01,60.46,106.65,46.19,1.763976183,0.03517993,0.02718282
2021-05-28,58.37,103.79,45.42,1.778139455,-0.00324981,0.00754356
2021-05-27,58.56,103.01,44.45,1.759050546,-0.00646811,-0.01071801
2021-05-26,58.94,104.12,45.18,1.766542246,0.01160423,0.00240396
2021-05-25,58.26,103.87,45.61,1.782869894,-0.02290759,-0.01651825
2021-05-24,59.61,105.6,45.99,1.771514847,0.01164275,0.01411429
2021-05-21,58.92,104.12,45.2,1.767141887,0.0013587,0.00539293
2021-05-20,58.84,103.56,44.72,1.760027192,-0.00237651,0.0034823
2021-05-19,58.98,103.2,44.22,1.749745677,-0.02428727,-0.02846691
2021-05-18,60.43,106.18,45.75,1.757074301,-0.02870854,-0.04268126
2021-05-17,62.19,110.81,48.62,1.781797717,0.02309797,0.01216648
2021-05-14,60.77,109.47,48.7,1.801382261,0.02448694,0.02581684
2021-05-13,59.3,106.68,47.38,1.798988196,-0.0124017,-0.00644711
2021-05-12,60.04,107.37,47.33,1.788307795,-0.00911886,0.00625966
2021-05-11,60.59,106.7,46.11,1.761016669,-0.03231588,-0.02654246
2021-05-10,62.58,109.57,46.99,1.750878875,0.00239981,-0.00409855
2021-05-07,62.43,110.02,47.59,1.762293769,0.01419608,0.00913082
2021-05-06,61.55,109.02,47.47,1.771242892,0.00946791,0.00055051
2021-05-05,60.97,108.96,47.99,1.787108414,0.02962933,0.02650455
2021-05-04,59.19,106.11,46.92,1.79270147,0.00627068,0.00548102
2021-05-03,58.82,105.53,46.71,1.794117647,0.02722898,0.0235869
2021-04-30,57.24,103.07,45.83,1.800663871,-0.02926702,-0.03648545
2021-04-29,58.94,106.9,47.96,1.813708856,0.01418221,0.01584042
2021-04-28,58.11,105.22,47.11,1.810703838,0.02969132,0.02424128
2021-04-27,56.41,102.7,46.29,1.820599185,0.01302543,0.01155629
2021-04-26,55.68,101.52,45.84,1.823275862,0.00197753,-0.00029546
2021-04-23,55.57,101.55,45.98,1.82742487,0.00541322,0.00592594
2021-04-22,55.27,100.95,45.68,1.826488149,-0.01312142,-0.01747884
2021-04-21,56.0,102.73,46.73,1.834464286,0.01275963,0.01372167
2021-04-20,55.29,101.33,46.04,1.832700307,-0.02129453,-0.01886756
2021-04-19,56.48,103.26,46.78,1.82825779,-0.0031819,0.00290952
2021-04-16,56.66,102.96,46.3,1.817154959,-0.00563183,-0.0044578
2021-04-15,56.98,103.42,46.44,1.815022815,-0.00594927,-0.00818532
2021-04-14,57.32,104.27,46.95,1.819085834,0.02848994,0.0196607
2021-04-13,55.71,102.24,46.53,1.835218094,0.00377664,0.00450937
2021-04-12,55.5,101.78,46.28,1.833873874,-0.00664454,-0.01113837
2021-04-09,55.87,102.92,47.05,1.842133524,-0.00232413,-0.00097116
2021-04-08,56.0,103.02,47.02,1.839642857,-0.0104806,-0.01129301
2021-04-07,56.59,104.19,47.6,1.84113801,0.00442753,0.00587189
2021-04-06,56.34,103.58,47.24,1.838480653,-0.00283588,-0.0089385
2021-04-05,56.5,104.51,48.01,1.849734513,-0.01562943,-0.01179506
2021-04-01,57.39,105.75,48.36,1.842655515,0.02755871,0.00911947
2021-03-31,55.83,104.79,48.96,1.876947877,-0.01528647,-0.01082015
2021-03-30,56.69,105.93,49.24,1.868583524,-0.01244647,-0.00930239
2021-03-29,57.4,106.92,49.52,1.86271777,-0.00538617,-0.00522389
2021-03-26,57.71,107.48,49.77,1.862415526,0.02686965,0.02267799
2021-03-25,56.18,105.07,48.89,1.870238519,-0.00284394,0.00352768
2021-03-24,56.34,104.7,48.36,1.858359957,0.02007956,0.02642047
2021-03-23,55.22,101.97,46.75,1.846613546,-0.01241805,-0.00557431
2021-03-22,55.91,102.54,46.63,1.834018959,-0.01032038,-0.00815855
2021-03-19,56.49,103.38,46.89,1.830058417,-0.00564874,-0.00713256
2021-03-18,56.81,104.12,47.31,1.83277592,-0.04407668,-0.03686489
2021-03-17,59.37,108.03,48.66,1.819605862,0.00438893,0.00361664
2021-03-16,59.11,107.64,48.53,1.821011673,-0.02142341,-0.02395819
2021-03-15,60.39,110.25,49.86,1.825633383,-0.02582687,-0.01181205
2021-03-12,61.97,111.56,49.59,1.800225916,0.01070744,0.00332211
2021-03-11,61.31,111.19,49.88,1.81357038,-0.00747485,-0.00161754
2021-03-10,61.77,111.37,49.6,1.802978792,0.0302406,0.01693344
2021-03-09,59.93,109.5,49.57,1.827131654,-0.01556323,-0.0022805
2021-03-08,60.87,109.75,48.88,1.803022836,-0.00098522,0.00685717
2021-03-05,60.93,109.0,48.07,1.788938126,0.03711559,0.04216081
2021-03-04,58.71,104.5,45.79,1.779935275,0.0,0.0
