Date,AAPL,AMZN,MRO,CVX,XOM
2015-01-02,27.332500457763672,15.425999641418455,28.600000381469727,112.58000183105467,92.83000183105467
2015-01-05,26.5625,15.10949993133545,27.270000457763672,108.08000183105467,90.29000091552734
2015-01-06,26.565000534057617,14.76449966430664,26.86000061035156,108.02999877929688,89.80999755859375
2015-01-07,26.9375,14.92099952697754,27.190000534057617,107.94000244140624,90.72000122070312
2015-01-08,27.97249984741211,15.02299976348877,27.739999771118164,110.41000366210938,92.2300033569336
2015-01-09,28.002500534057617,14.846500396728516,27.64999961853028,108.20999908447266,92.0999984741211
2015-01-12,27.3125,14.570500373840332,26.239999771118164,105.87999725341795,90.33000183105467
2015-01-13,27.55500030517578,14.737000465393066,25.88999938964844,104.1999969482422,90.0
2015-01-14,27.450000762939453,14.66349983215332,25.959999084472656,103.9000015258789,89.73999786376953
2015-01-15,26.70499992370605,14.34749984741211,25.46999931335449,102.66999816894533,88.95999908447266
2015-01-16,26.497499465942383,14.536999702453612,26.600000381469727,105.12000274658205,91.12000274658205
2015-01-20,27.18000030517578,14.472000122070312,25.940000534057617,106.47000122070312,91.08999633789062
2015-01-21,27.387500762939453,14.862500190734863,26.59000015258789,108.16000366210938,91.87000274658205
2015-01-22,28.100000381469727,15.515999794006348,26.82999992370605,108.91999816894533,92.87000274658205
2015-01-23,28.2450008392334,15.619500160217283,26.520000457763672,106.8499984741211,90.88999938964844
2015-01-26,28.27499961853028,15.482999801635742,27.270000457763672,108.87999725341795,91.76000213623048
2015-01-27,27.28499984741211,15.337499618530272,26.96999931335449,108.26000213623048,90.9499969482422
2015-01-28,28.82749938964844,15.195500373840332,25.549999237060547,103.70999908447266,87.94999694824219
2015-01-29,29.725000381469727,15.58899974822998,25.56999969482422,103.0,87.58000183105469
2015-01-30,29.290000915527344,17.726499557495117,26.600000381469727,102.52999877929688,87.41999816894531
2015-02-02,29.65749931335449,18.223499298095703,27.89999961853028,106.05999755859376,89.58000183105469
2015-02-03,29.662500381469727,18.177499771118164,28.790000915527344,109.52999877929688,92.25
2015-02-04,29.88999938964844,18.237499237060547,27.979999542236328,108.3499984741211,91.45999908447266
2015-02-05,29.98500061035156,18.694499969482425,28.3799991607666,109.30999755859376,92.36000061035156
2015-02-06,29.732500076293945,18.714000701904297,27.959999084472656,109.61000061035156,91.5
2015-02-09,29.93000030517578,18.527999877929688,28.309999465942383,110.43000030517578,91.55999755859376
2015-02-10,30.5049991607666,18.64999961853028,28.3799991607666,110.18000030517578,91.01000213623048
2015-02-11,31.21999931335449,18.756999969482425,28.07999992370605,109.9800033569336,90.5999984741211
2015-02-12,31.614999771118164,18.85849952697754,28.780000686645508,110.86000061035156,92.37000274658205
2015-02-13,31.770000457763672,19.09149932861328,29.489999771118164,112.77999877929688,93.37000274658205
2015-02-17,31.957500457763672,18.771499633789062,29.6299991607666,112.4000015258789,93.0500030517578
2015-02-18,32.18000030517578,18.668500900268555,29.020000457763672,110.44000244140624,91.01000213623048
2015-02-19,32.11249923706055,18.950000762939453,29.01000022888184,108.3499984741211,89.44000244140625
2015-02-20,32.375,19.183000564575195,28.46999931335449,108.5999984741211,89.91999816894531
2015-02-23,33.25,19.006999969482425,28.540000915527344,107.86000061035156,89.01000213623047
2015-02-24,33.04249954223633,18.929500579833984,28.82999992370605,107.95999908447266,89.41999816894531
2015-02-25,32.1974983215332,19.26849937438965,29.059999465942383,108.58000183105467,89.5999984741211
2015-02-26,32.60499954223633,19.239999771118164,28.0,107.05999755859376,88.6500015258789
2015-02-27,32.1150016784668,19.007999420166016,27.86000061035156,106.68000030517578,88.54000091552734
2015-03-02,32.272499084472656,19.28300094604492,27.670000076293945,105.9000015258789,88.04000091552734
2015-03-03,32.34000015258789,19.230499267578125,27.739999771118164,105.16000366210938,87.62000274658203
2015-03-04,32.1349983215332,19.13599967956543,27.61000061035156,105.16000366210938,87.18000030517578
2015-03-05,31.602500915527344,19.39150047302246,27.34000015258789,104.7300033569336,86.73999786376953
2015-03-06,31.64999961853028,19.004499435424805,26.780000686645508,103.5500030517578,85.62999725341797
2015-03-09,31.78499984741211,18.92799949645996,26.299999237060547,103.9499969482422,85.16000366210938
2015-03-10,31.127500534057617,18.475500106811523,25.81999969482422,102.91000366210938,84.26000213623047
2015-03-11,30.559999465942383,18.318500518798828,25.790000915527344,103.54000091552734,84.0199966430664
2015-03-12,31.112499237060547,18.71199989318848,25.61000061035156,102.41999816894533,84.22000122070312
2015-03-13,30.897499084472656,18.52899932861328,25.780000686645508,101.62000274658205,83.87000274658203
2015-03-16,31.237499237060547,18.667499542236328,26.01000022888184,103.12999725341795,84.76000213623047
2015-03-17,31.76000022888184,18.59600067138672,25.559999465942383,103.16999816894533,84.08000183105469
2015-03-18,32.11750030517578,18.756999969482425,26.34000015258789,106.6999969482422,86.06999969482422
2015-03-19,31.875,18.66200065612793,25.690000534057617,104.75,84.41000366210938
2015-03-20,31.475000381469727,18.92449951171875,26.18000030517578,107.02999877929688,84.54000091552734
2015-03-23,31.802499771118164,18.75550079345703,25.90999984741211,105.91999816894533,85.43000030517578
2015-03-24,31.67250061035156,18.70450019836425,25.89999961853028,104.1999969482422,84.5199966430664
2015-03-25,30.84499931335449,18.54800033569336,26.40999984741211,105.66999816894533,84.86000061035156
2015-03-26,31.059999465942383,18.36750030517578,26.3799991607666,105.25,84.31999969482422
2015-03-27,30.8125,18.527999877929688,25.89999961853028,104.27999877929688,83.58000183105469
2015-03-30,31.592500686645508,18.72949981689453,26.43000030517578,106.9000015258789,85.62999725341797
2015-03-31,31.107500076293945,18.604999542236328,26.11000061035156,104.9800033569336,85.0
2015-04-01,31.0625,18.51300048828125,26.63999938964844,104.79000091552734,84.45999908447266
2015-04-02,31.32999992370605,18.612499237060547,27.06999969482422,105.27999877929688,84.30000305175781
2015-04-06,31.83749961853028,18.85199928283692,27.89999961853028,106.91999816894533,85.12999725341797
2015-04-07,31.502500534057617,18.72050094604492,28.15999984741211,108.54000091552734,85.75
2015-04-08,31.39999961853028,19.059999465942383,27.959999084472656,106.66000366210938,84.05999755859375
2015-04-09,31.63999938964844,19.177000045776367,28.770000457763672,106.9499969482422,84.6500015258789
2015-04-10,31.77499961853028,19.13249969482422,29.18000030517578,106.91000366210938,85.55999755859375
2015-04-13,31.71249961853028,19.11800003051757,28.89999961853028,106.5,85.33999633789062
2015-04-14,31.575000762939453,19.25550079345703,29.39999961853028,108.83999633789062,86.62999725341797
2015-04-15,31.69499969482422,19.17250061035156,30.700000762939453,110.41000366210938,88.08000183105469
2015-04-16,31.542499542236328,19.302000045776367,30.700000762939453,110.16000366210938,87.7300033569336
2015-04-17,31.1875,18.777999877929688,30.520000457763672,109.11000061035156,86.93000030517578
2015-04-20,31.89999961853028,19.475500106811523,30.96999931335449,110.29000091552734,87.23999786376953
2015-04-21,31.727500915527344,19.55900001525879,30.1299991607666,109.7300033569336,86.87999725341797
2015-04-22,32.154998779296875,19.489999771118164,30.350000381469727,109.5,87.45999908447266
2015-04-23,32.41749954223633,19.499500274658203,30.549999237060547,109.97000122070312,87.54000091552734
2015-04-24,32.56999969482422,22.2549991607666,30.32999992370605,109.87000274658205,86.97000122070312
2015-04-27,33.162498474121094,21.92799949645996,30.40999984741211,109.6999969482422,87.01000213623047
2015-04-28,32.63999938964844,21.465499877929688,30.71999931335449,111.12000274658205,87.80000305175781
2015-04-29,32.15999984741211,21.4685001373291,31.190000534057617,111.7300033569336,87.87000274658203
2015-04-30,31.287500381469727,21.089000701904297,31.100000381469727,111.05999755859376,87.37000274658203
2015-05-01,32.23749923706055,21.14349937438965,30.770000457763672,109.04000091552734,88.8499984741211
2015-05-04,32.17499923706055,21.152000427246094,31.07999992370605,108.31999969482422,89.11000061035156
2015-05-05,31.450000762939453,21.059499740600582,29.96999931335449,108.0,88.61000061035156
2015-05-06,31.252500534057617,20.95499992370605,29.809999465942383,107.9499969482422,88.19000244140625
2015-05-07,31.315000534057617,21.3439998626709,28.920000076293945,107.56999969482422,87.5999984741211
2015-05-08,31.905000686645508,21.684499740600582,29.309999465942383,108.6500015258789,88.98999786376953
2015-05-11,31.57999992370605,21.64249992370605,28.39999961853028,107.36000061035156,86.77999877929688
2015-05-12,31.467500686645508,21.551000595092773,28.38999938964844,107.55999755859376,87.0199966430664
2015-05-13,31.502500534057617,21.3435001373291,28.14999961853028,107.6999969482422,86.55999755859375
2015-05-14,32.23749923706055,21.61400032043457,27.6200008392334,108.4499969482422,86.97000122070312
2015-05-15,32.192501068115234,21.299999237060547,27.68000030517578,108.02999877929688,87.3499984741211
2015-05-18,32.54750061035156,21.261999130249023,27.709999084472656,106.6500015258789,86.8499984741211
2015-05-19,32.51750183105469,21.08550071716309,27.32999992370605,105.0199966430664,86.98999786376953
2015-05-20,32.51499938964844,21.19300079345703,27.459999084472656,105.25,87.12999725341797
2015-05-21,32.84749984741211,21.581499099731445,28.18000030517578,105.48999786376952,87.20999908447266
2015-05-22,33.1349983215332,21.381500244140625,28.09000015258789,104.88999938964844,86.5199966430664
2015-05-26,32.404998779296875,21.273500442504883,27.68000030517578,103.29000091552734,85.3499984741211
2015-05-27,33.0099983215332,21.57099914550781,27.57999992370605,103.11000061035156,85.11000061035156
2015-05-28,32.94499969482422,21.328500747680664,27.21999931335449,103.23999786376952,85.11000061035156
2015-05-29,32.56999969482422,21.46150016784668,27.190000534057617,103.0,85.19999694824219
2015-06-01,32.6349983215332,21.54599952697754,27.09000015258789,102.62999725341795,85.12999725341797
2015-06-02,32.4900016784668,21.54949951171875,27.07999992370605,102.58000183105467,85.13999938964844
2015-06-03,32.529998779296875,21.82950019836425,27.07999992370605,102.16999816894533,84.94999694824219
2015-06-04,32.34000015258789,21.53899955749512,26.64999961853028,101.38999938964844,84.22000122070312
2015-06-05,32.162498474121094,21.34749984741211,26.950000762939453,101.58999633789062,84.27999877929688
2015-06-08,31.950000762939453,21.174999237060547,26.57999992370605,100.41999816894533,84.8499984741211
2015-06-09,31.854999542236328,21.27400016784668,26.729999542236328,100.41999816894533,84.58000183105469
2015-06-10,32.220001220703125,21.53849983215332,27.059999465942383,101.83000183105467,85.20999908447266
2015-06-11,32.147499084472656,21.648500442504883,26.93000030517578,101.12000274658205,85.08999633789062
2015-06-12,31.792499542236328,21.496000289916992,26.489999771118164,99.87000274658205,84.0199966430664
2015-06-15,31.729999542236328,21.183500289916992,26.440000534057617,99.29000091552734,83.72000122070312
2015-06-16,31.89999961853028,21.363000869750977,26.71999931335449,100.04000091552734,84.68000030517578
2015-06-17,31.825000762939453,21.390499114990234,26.540000915527344,99.76000213623048,84.7300033569336
2015-06-18,31.96999931335449,21.96949958801269,26.530000686645508,100.25,85.4800033569336
2015-06-19,31.64999961853028,21.746000289916992,25.920000076293945,99.47000122070312,85.20999908447266
2015-06-22,31.90250015258789,21.81450080871582,26.1200008392334,100.29000091552734,85.16999816894531
2015-06-23,31.75749969482422,22.29949951171875,26.61000061035156,100.08999633789062,85.06999969482422
2015-06-24,32.02750015258789,22.04199981689453,26.61000061035156,99.2699966430664,84.68000030517578
2015-06-25,31.875,22.0049991607666,26.809999465942383,98.33999633789062,83.93000030517578
2015-06-26,31.6875,21.905000686645508,27.75,98.5999984741211,83.86000061035156
2015-06-29,31.13249969482422,21.49300003051757,26.690000534057617,96.69000244140624,82.81999969482422
2015-06-30,31.357500076293945,21.70450019836425,26.540000915527344,96.47000122070312,83.19999694824219
2015-07-01,31.64999961853028,21.86949920654297,25.790000915527344,96.08999633789062,82.37000274658203
2015-07-02,31.61000061035156,21.88549995422364,25.729999542236328,95.87000274658205,83.13999938964844
2015-07-06,31.5,21.802000045776367,25.1200008392334,94.7699966430664,82.52999877929688
2015-07-07,31.42250061035156,21.836000442504883,25.709999084472656,95.2699966430664,82.87000274658203
2015-07-08,30.64249992370605,21.48500061035156,24.729999542236328,93.55999755859376,81.97000122070312
2015-07-09,30.01749992370605,21.71949958801269,24.780000686645508,93.77999877929688,81.5999984741211
2015-07-10,30.81999969482422,22.175500869750977,24.459999084472656,94.41000366210938,82.22000122070312
2015-07-13,31.415000915527344,22.778499603271484,24.729999542236328,94.5999984741211,82.41999816894531
2015-07-14,31.40250015258789,23.278499603271484,25.07999992370605,95.5500030517578,83.11000061035156
2015-07-15,31.70499992370605,23.059499740600582,24.39999961853028,94.23999786376952,82.76000213623047
2015-07-16,32.127498626708984,23.77400016784668,24.270000457763672,94.4800033569336,82.91000366210938
2015-07-17,32.404998779296875,24.15049934387207,23.56999969482422,93.1500015258789,82.61000061035156
2015-07-20,33.01750183105469,24.405000686645508,23.239999771118164,92.94000244140624,81.76000213623047
2015-07-21,32.6875,24.39999961853028,23.170000076293945,93.9000015258789,81.66000366210938
2015-07-22,31.30500030517578,24.41349983215332,22.34000015258789,93.51000213623048,81.79000091552734
2015-07-23,31.290000915527344,24.108999252319336,22.100000381469727,92.94000244140624,81.13999938964844
2015-07-24,31.125,26.47100067138672,21.40999984741211,90.5999984741211,79.94000244140625
2015-07-27,30.6924991607666,26.570499420166016,20.690000534057617,89.13999938964844,79.26000213623047
2015-07-28,30.84499931335449,26.30150032043457,21.200000762939453,92.4000015258789,82.4800033569336
2015-07-29,30.747499465942383,26.450000762939453,21.76000022888184,93.25,83.13999938964844
2015-07-30,30.592500686645508,26.83799934387207,21.86000061035156,93.02999877929688,83.01000213623047
2015-07-31,30.325000762939453,26.8075008392334,21.01000022888184,88.4800033569336,79.20999908447266
2015-08-03,29.61000061035156,26.75149917602539,20.56999969482422,85.5999984741211,78.05999755859375
2015-08-04,28.65999984741211,26.59499931335449,20.51000022888184,85.20999908447266,77.16999816894531
2015-08-05,28.850000381469727,26.850500106811523,19.790000915527344,84.02999877929688,77.16999816894531
2015-08-06,28.78249931335449,26.472999572753903,19.450000762939453,85.19000244140625,78.08999633789062
2015-08-07,28.8799991607666,26.131000518798828,18.39999961853028,83.75,76.83000183105469
2015-08-10,29.93000030517578,26.200000762939453,18.979999542236328,85.88999938964844,78.75
2015-08-11,28.372499465942383,26.37299919128418,18.8799991607666,85.77999877929688,77.48999786376953
2015-08-12,28.809999465942383,26.295499801635746,19.059999465942383,86.79000091552734,78.79000091552734
2015-08-13,28.787500381469727,26.482999801635746,18.020000457763672,85.8499984741211,78.6500015258789
2015-08-14,28.989999771118164,26.576000213623047,17.399999618530273,85.98999786376953,78.36000061035156
2015-08-17,29.290000915527344,26.76099967956543,17.360000610351562,83.2300033569336,78.7699966430664
2015-08-18,29.125,26.7509994506836,17.479999542236328,83.44000244140625,77.9000015258789
2015-08-19,28.752500534057617,26.645999908447266,16.229999542236328,80.91000366210938,76.2300033569336
2015-08-20,28.162500381469727,25.78899955749512,16.1299991607666,79.23999786376953,74.56999969482422
2015-08-21,26.440000534057617,24.723499298095703,15.729999542236328,75.76000213623047,72.12999725341797
2015-08-24,25.780000686645508,23.168500900268555,14.390000343322754,72.12000274658203,68.72000122070312
2015-08-25,25.934999465942383,23.318500518798828,14.039999961853027,70.0199966430664,68.70999908447266
2015-08-26,27.42250061035156,25.03849983215332,14.649999618530272,73.08999633789062,72.5
2015-08-27,28.229999542236328,25.918500900268555,15.970000267028809,77.63999938964844,74.8499984741211
2015-08-28,28.32250022888184,25.90049934387207,16.649999618530273,80.43000030517578,75.06999969482422
2015-08-31,28.190000534057617,25.644500732421875,17.290000915527344,80.98999786376953,75.23999786376953
2015-09-01,26.93000030517578,24.82699966430664,16.850000381469727,78.19000244140625,72.08000183105469
2015-09-02,28.084999084472656,25.52750015258789,16.8700008392334,78.05999755859375,73.2300033569336
2015-09-03,27.592500686645508,25.23600006103516,16.8700008392334,78.26000213623047,73.79000091552734
2015-09-04,27.3174991607666,24.950000762939453,16.360000610351562,76.66999816894531,72.45999908447266
2015-09-08,28.07749938964844,25.87700080871582,16.31999969482422,76.83999633789062,73.5
2015-09-09,27.537500381469727,25.84449958801269,14.90999984741211,74.91999816894531,72.0
2015-09-10,28.14249992370605,26.11199951171875,14.979999542236328,75.66000366210938,72.5199966430664
2015-09-11,28.552499771118164,26.472000122070312,15.09000015258789,75.79000091552734,72.69000244140625
2015-09-14,28.82749938964844,26.069000244140625,15.40999984741211,75.7699966430664,72.48999786376953
2015-09-15,29.06999969482422,26.11849975585937,15.449999809265137,77.16999816894531,72.86000061035156
2015-09-16,29.102500915527344,26.36949920654297,16.209999084472656,79.0199966430664,74.30000305175781
2015-09-17,28.479999542236328,26.943500518798828,16.43000030517578,79.41000366210938,74.45999908447266
2015-09-18,28.362499237060547,27.01300048828125,15.84000015258789,77.73999786376953,72.68000030517578
2015-09-21,28.802499771118164,27.41950035095215,16.110000610351562,78.08999633789062,73.38999938964844
2015-09-22,28.350000381469727,26.920000076293945,15.65999984741211,77.25,72.73999786376953
2015-09-23,28.57999992370605,26.80349922180176,15.300000190734863,76.12000274658203,72.30000305175781
2015-09-24,28.75,26.6875,15.449999809265137,76.88999938964844,72.7300033569336
2015-09-25,28.677499771118164,26.21249961853028,15.75,77.69999694824219,73.2300033569336
2015-09-28,28.11000061035156,25.202999114990234,14.760000228881836,75.7699966430664,72.5999984741211
2015-09-29,27.26499938964844,24.80349922180176,14.970000267028809,76.25,72.97000122070312
2015-09-30,27.575000762939453,25.59449958801269,15.399999618530272,78.87999725341797,74.3499984741211
2015-10-01,27.395000457763672,26.035999298095703,15.3100004196167,78.33999633789062,74.05999755859375
2015-10-02,27.59499931335449,26.62700080871582,16.65999984741211,81.55000305175781,75.87999725341797
2015-10-05,27.69499969482422,27.18400001525879,18.049999237060547,84.02999877929688,76.80999755859375
2015-10-06,27.82749938964844,26.874000549316406,19.170000076293945,86.98999786376953,77.88999938964844
2015-10-07,27.69499969482422,27.097000122070312,19.170000076293945,88.12000274658203,79.19999694824219
2015-10-08,27.375,26.65800094604492,20.18000030517578,89.91000366210938,80.02999877929688
2015-10-09,28.030000686645508,26.989999771118164,19.59000015258789,89.56999969482422,79.26000213623047
2015-10-12,27.89999961853028,27.50950050354004,18.959999084472656,88.73999786376953,79.30000305175781
2015-10-13,27.94750022888184,27.44499969482422,18.59000015258789,88.37999725341797,79.16000366210938
2015-10-14,27.552499771118164,27.241500854492188,18.90999984741211,89.76000213623047,80.16000366210938
2015-10-15,27.96500015258789,28.121999740600582,19.43000030517578,90.72000122070312,81.4800033569336
2015-10-16,27.76000022888184,28.538000106811523,19.280000686645508,91.29000091552734,82.4800033569336
2015-10-19,27.9325008392334,28.65749931335449,18.280000686645508,90.02999877929688,80.98999786376953
2015-10-20,28.4424991607666,28.04400062561035,18.559999465942383,89.98999786376953,80.83000183105469
2015-10-21,28.440000534057617,27.78849983215332,18.020000457763672,89.33000183105469,80.20999908447266
2015-10-22,28.875,28.195499420166016,18.479999542236328,91.62000274658205,82.88999938964844
2015-10-23,29.770000457763672,29.951499938964844,18.299999237060547,91.23999786376952,82.9800033569336
2015-10-26,28.81999969482422,30.43050003051757,17.59000015258789,88.7699966430664,81.22000122070312
2015-10-27,28.637500762939453,30.550500869750977,17.110000610351562,87.69999694824219,81.08999633789062
2015-10-28,29.8174991607666,30.854999542236328,17.68000030517578,89.79000091552734,82.27999877929688
2015-10-29,30.13249969482422,31.32749938964844,17.549999237060547,89.88999938964844,82.2300033569336
2015-10-30,29.875,31.295000076293945,18.3799991607666,90.87999725341795,82.73999786376953
2015-11-02,30.295000076293945,31.417499542236328,19.01000022888184,94.95999908447266,85.27999877929688
2015-11-03,30.64249992370605,31.265499114990234,19.65999984741211,98.13999938964844,86.8499984741211
2015-11-04,30.5,32.04750061035156,19.39999961853028,96.7699966430664,85.9800033569336
2015-11-05,30.229999542236328,32.782501220703125,19.0,94.5500030517578,84.80999755859375
2015-11-06,30.26499938964844,32.96849822998047,18.290000915527344,94.02999877929688,84.47000122070312
2015-11-09,30.14249992370605,32.77450180053711,18.36000061035156,92.31999969482422,81.94999694824219
2015-11-10,29.1924991607666,32.98400115966797,18.780000686645508,93.2300033569336,82.3499984741211
2015-11-11,29.02750015258789,33.662498474121094,17.299999237060547,92.19000244140624,81.62000274658203
2015-11-12,28.93000030517578,33.279998779296875,17.200000762939453,89.86000061035156,79.41000366210938
2015-11-13,28.084999084472656,32.11750030517578,17.139999389648438,88.68000030517578,78.0999984741211
2015-11-16,28.545000076293945,32.390499114990234,17.8700008392334,91.4499969482422,80.9000015258789
2015-11-17,28.42250061035156,32.165000915527344,17.709999084472656,91.02999877929688,79.95999908447266
2015-11-18,29.32250022888184,33.176998138427734,17.899999618530273,92.20999908447266,80.73999786376953
2015-11-19,29.69499969482422,33.063499450683594,17.639999389648438,90.83000183105467,80.30000305175781
2015-11-20,29.825000762939453,33.42250061035156,17.420000076293945,89.01000213623047,79.79000091552734
2015-11-23,29.4375,33.949501037597656,17.530000686645508,90.01000213623047,80.27999877929688
2015-11-24,29.71999931335449,33.557498931884766,18.5,91.3499984741211,81.87999725341797
2015-11-25,29.50749969482422,33.766998291015625,18.11000061035156,90.87000274658205,81.25
2015-11-27,29.45249938964844,33.66299819946289,17.440000534057617,90.37000274658205,81.2300033569336
2015-11-30,29.575000762939453,33.2400016784668,17.510000228881836,91.31999969482422,81.66000366210938
2015-12-01,29.334999084472656,33.952999114990234,17.6299991607666,92.4800033569336,81.88999938964844
2015-12-02,29.06999969482422,33.800498962402344,16.670000076293945,90.25,79.55000305175781
2015-12-03,28.799999237060547,33.3125,16.549999237060547,88.8499984741211,78.41000366210938
2015-12-04,29.75749969482422,33.63199996948242,16.1200008392334,89.70999908447266,78.86000061035156
2015-12-07,29.56999969482422,33.49150085449219,14.779999732971191,87.27999877929688,76.80000305175781
2015-12-08,29.5575008392334,33.86650085449219,14.920000076293944,86.44000244140625,74.62999725341797
2015-12-09,28.905000686645508,33.239498138427734,14.5,87.5999984741211,75.62999725341797
2015-12-10,29.042499542236328,33.11600112915039,14.739999771118164,89.30000305175781,75.69000244140625
2015-12-11,28.295000076293945,32.00749969482422,14.34000015258789,86.44000244140625,74.33999633789062
2015-12-14,28.1200008392334,32.89550018310547,13.960000038146973,89.33000183105469,76.02999877929688
2015-12-15,27.622499465942383,32.93199920654297,14.460000038146973,92.76000213623048,79.43000030517578
2015-12-16,27.834999084472656,33.78850173950195,13.779999732971191,93.44000244140624,79.1500015258789
2015-12-17,27.2450008392334,33.532501220703125,12.779999732971191,90.54000091552734,77.95999908447266
2015-12-18,26.50749969482422,33.207000732421875,12.470000267028809,89.80999755859375,77.27999877929688
2015-12-21,26.832500457763672,33.22549819946289,12.520000457763672,89.23999786376953,77.26000213623047
2015-12-22,26.8075008392334,33.157501220703125,12.6899995803833,90.2699966430664,77.6500015258789
2015-12-23,27.15250015258789,33.185001373291016,13.960000038146973,93.80999755859376,80.19000244140625
2015-12-24,27.00749969482422,33.13949966430664,13.93000030517578,92.0500030517578,79.33000183105469
2015-12-28,26.70499992370605,33.7599983215332,12.979999542236328,90.36000061035156,78.73999786376953
2015-12-29,27.184999465942383,34.69850158691406,13.029999732971191,91.25,79.16000366210938
2015-12-30,26.82999992370605,34.45349884033203,12.380000114440918,90.08999633789062,78.11000061035156
2015-12-31,26.315000534057617,33.79449844360352,12.59000015258789,89.95999908447266,77.94999694824219
2016-01-04,26.33749961853028,31.84950065612793,12.81999969482422,88.8499984741211,77.45999908447266
2016-01-05,25.677499771118164,31.68950080871582,12.760000228881836,89.61000061035156,78.12000274658203
2016-01-06,25.174999237060547,31.63249969482422,11.279999732971191,86.06999969482422,77.47000122070312
2016-01-07,24.112499237060547,30.39699935913086,10.670000076293944,83.0199966430664,76.2300033569336
2016-01-08,24.239999771118164,30.352500915527344,10.350000381469728,82.12999725341797,74.69000244140625
2016-01-11,24.63249969482422,30.886999130249023,9.619999885559082,80.7699966430664,73.69000244140625
2016-01-12,24.989999771118164,30.894500732421875,9.1899995803833,82.1500015258789,75.19999694824219
2016-01-13,24.34749984741211,29.090499877929688,8.539999961853027,81.33000183105469,75.6500015258789
2016-01-14,24.8799991607666,29.64999961853028,9.06999969482422,85.47000122070312,79.12000274658203
2016-01-15,24.28249931335449,28.50900077819824,8.140000343322754,83.66999816894531,77.58000183105469
2016-01-19,24.165000915527344,28.724000930786133,7.679999828338623,81.51000213623047,76.4000015258789
2016-01-20,24.19750022888184,28.588499069213867,7.860000133514404,78.9800033569336,73.18000030517578
2016-01-21,24.075000762939453,28.7509994506836,8.789999961853027,81.05000305175781,74.0999984741211
2016-01-22,25.354999542236328,29.819000244140625,9.020000457763672,83.54000091552734,76.56999969482422
2016-01-25,24.86000061035156,29.826499938964844,8.140000343322754,80.88999938964844,73.9800033569336
2016-01-26,24.997499465942383,30.0625,8.449999809265137,84.12000274658203,76.69999694824219
2016-01-27,23.354999542236328,29.167499542236328,8.75,83.29000091552734,75.29000091552734
2016-01-28,23.522499084472656,31.76749992370605,9.170000076293944,85.91999816894531,76.98999786376953
2016-01-29,24.334999084472656,29.350000381469727,9.729999542236328,86.47000122070312,77.8499984741211
2016-02-01,24.107500076293945,28.74049949645996,9.739999771118164,85.29000091552734,76.29000091552734
2016-02-02,23.6200008392334,27.604999542236328,8.739999771118164,81.23999786376953,74.58999633789062
2016-02-03,24.08749961853028,26.55349922180176,9.420000076293944,84.62000274658203,78.4800033569336
2016-02-04,24.14999961853028,26.8129997253418,9.1899995803833,84.79000091552734,79.83000183105469
2016-02-05,23.5049991607666,25.10650062561035,8.460000038146973,82.87999725341797,80.08000183105469
2016-02-08,23.752500534057617,24.405000686645508,7.820000171661377,85.98999786376953,81.16000366210938
2016-02-09,23.747499465942383,24.103500366210938,7.289999961853027,82.91999816894531,80.08000183105469
2016-02-10,23.5674991607666,24.52400016784668,7.130000114440918,83.04000091552734,79.3499984741211
2016-02-11,23.424999237060547,25.19099998474121,7.059999942779541,82.98999786376953,79.5999984741211
2016-02-12,23.497499465942383,25.35400009155273,7.489999771118164,85.43000030517578,81.02999877929688
2016-02-16,24.15999984741211,26.05500030517578,7.400000095367432,84.80999755859375,81.22000122070312
2016-02-17,24.530000686645508,26.70499992370605,7.409999847412109,88.30999755859375,82.0
2016-02-18,24.065000534057617,26.25,6.929999828338623,86.7300033569336,82.44999694824219
2016-02-19,24.01000022888184,26.7450008392334,6.730000019073486,86.5,82.5
2016-02-22,24.21999931335449,27.975000381469727,7.489999771118164,88.81999969482422,82.38999938964844
2016-02-23,23.67250061035156,27.64699935913086,7.03000020980835,84.91000366210938,81.2300033569336
2016-02-24,24.02499961853028,27.70199966430664,7.21999979019165,85.2699966430664,81.5199966430664
2016-02-25,24.190000534057617,27.75749969482422,7.389999866485596,85.30000305175781,82.01000213623047
2016-02-26,24.227500915527344,27.761499404907227,8.029999732971191,84.3499984741211,81.75
2016-02-29,24.17250061035156,27.6259994506836,8.210000038146973,83.44000244140625,80.1500015258789
2016-03-01,25.13249969482422,28.95199966430664,7.960000038146973,86.12999725341797,81.27999877929688
2016-03-02,25.1875,29.01049995422364,9.100000381469728,87.13999938964844,82.69999694824219
2016-03-03,25.375,28.874500274658203,9.970000267028809,87.52999877929688,82.4000015258789
2016-03-04,25.752500534057617,28.756999969482425,11.0,87.93000030517578,82.29000091552734
2016-03-07,25.467500686645508,28.13999938964844,11.029999732971191,90.66999816894533,84.45999908447266
2016-03-08,25.25749969482422,28.01300048828125,10.119999885559082,88.73999786376953,82.62999725341797
2016-03-09,25.280000686645508,27.973499298095703,10.479999542236328,92.81999969482422,82.4000015258789
2016-03-10,25.292499542236328,27.94650077819824,10.59000015258789,93.94000244140624,82.18000030517578
2016-03-11,25.565000534057617,28.480499267578125,11.15999984741211,94.58000183105467,82.19000244140625
2016-03-14,25.6299991607666,28.668500900268555,11.09000015258789,94.26000213623048,82.41000366210938
2016-03-15,26.145000457763672,28.85099983215332,11.3100004196167,94.2699966430664,82.81999969482422
2016-03-16,26.49250030517578,28.713499069213867,11.520000457763672,95.4000015258789,82.87000274658203
2016-03-17,26.450000762939453,27.972000122070312,11.449999809265137,96.88999938964844,84.0999984741211
2016-03-18,26.479999542236328,27.60400009155273,11.630000114440918,97.69000244140624,84.19999694824219
2016-03-21,26.477500915527344,27.698999404907227,11.43000030517578,96.44000244140624,83.62000274658203
2016-03-22,26.68000030517578,28.02400016784668,11.3100004196167,95.5,84.12000274658203
2016-03-23,26.53249931335449,28.48150062561035,10.1899995803833,93.58999633789062,83.75
2016-03-24,26.417499542236328,29.147499084472656,10.289999961853027,94.8499984741211,83.9800033569336
2016-03-28,26.29750061035156,28.99349975585937,10.15999984741211,94.68000030517578,84.22000122070312
2016-03-29,26.920000076293945,29.69300079345703,10.399999618530272,95.31999969482422,84.52999877929688
2016-03-30,27.38999938964844,29.934499740600582,10.529999732971191,95.25,84.5199966430664
2016-03-31,27.247499465942383,29.68199920654297,11.140000343322754,95.4000015258789,83.58999633789062
2016-04-01,27.497499465942383,29.924999237060547,10.5600004196167,94.26000213623048,82.95999908447266
2016-04-04,27.780000686645508,29.659500122070312,10.529999732971191,93.43000030517578,83.16000366210938
2016-04-05,27.45249938964844,29.30699920654297,10.630000114440918,92.66999816894533,82.20999908447266
2016-04-06,27.739999771118164,30.10400009155273,11.020000457763672,94.83999633789062,83.30999755859375
2016-04-07,27.13500022888184,29.57150077819824,11.220000267028809,94.79000091552734,82.37000274658203
2016-04-08,27.165000915527344,29.729999542236328,11.779999732971191,96.33000183105467,83.20999908447266
2016-04-11,27.2549991607666,29.796499252319336,11.670000076293944,95.23999786376952,83.31999969482422
2016-04-12,27.61000061035156,30.15850067138672,13.119999885559082,97.51000213623048,84.3499984741211
2016-04-13,28.01000022888184,30.74099922180176,12.920000076293944,97.5999984741211,84.83000183105469
2016-04-14,28.02499961853028,31.037500381469727,13.109999656677246,97.9800033569336,85.43000030517578
2016-04-15,27.46249961853028,31.29450035095215,13.010000228881836,97.2300033569336,84.97000122070312
2016-04-18,26.8700008392334,31.76749992370605,13.359999656677246,98.6999969482422,85.77999877929688
2016-04-19,26.727500915527344,31.395000457763672,13.949999809265137,100.5,86.20999908447266
2016-04-20,26.78249931335449,31.64949989318848,14.0600004196167,101.69000244140624,86.80000305175781
2016-04-21,26.49250030517578,31.549999237060547,13.859999656677246,101.4000015258789,86.79000091552734
2016-04-22,26.420000076293945,31.02499961853028,14.34000015258789,102.01000213623048,87.52999877929688
2016-04-25,26.270000457763672,31.309999465942383,13.829999923706056,101.51000213623048,87.33000183105469
2016-04-26,26.08749961853028,30.8439998626709,14.4399995803833,102.29000091552734,87.62999725341797
2016-04-27,24.45499992370605,30.328500747680664,14.84000015258789,103.8499984741211,88.45999908447266
2016-04-28,23.707500457763672,30.100000381469727,14.350000381469728,102.4000015258789,88.02999877929688
2016-04-29,23.434999465942383,32.97949981689453,14.09000015258789,102.18000030517578,88.4000015258789
2016-05-02,23.40999984741211,34.192501068115234,13.550000190734863,103.30999755859376,89.12999725341797
2016-05-03,23.795000076293945,33.566001892089844,12.789999961853027,101.31999969482422,88.11000061035156
2016-05-04,23.54750061035156,33.54499816894531,12.170000076293944,100.58999633789062,87.94000244140625
2016-05-05,23.309999465942383,32.954498291015625,12.06999969482422,101.41999816894533,88.04000091552734
2016-05-06,23.18000030517578,33.6974983215332,12.029999732971191,101.86000061035156,88.51000213623047
2016-05-09,23.19750022888184,33.98749923706055,11.4399995803833,100.3499984741211,88.56999969482422
2016-05-10,23.354999542236328,35.153499603271484,11.9399995803833,101.2699966430664,89.98999786376953
2016-05-11,23.127500534057617,35.6614990234375,12.460000038146973,101.13999938964844,88.80999755859375
2016-05-12,22.584999084472656,35.89649963378906,12.329999923706056,102.12000274658205,89.66999816894531
2016-05-13,22.6299991607666,35.49599838256836,12.300000190734863,100.73999786376952,88.66000366210938
2016-05-16,23.46999931335449,35.53300094604492,12.779999732971191,102.29000091552734,89.56999969482422
2016-05-17,23.372499465942383,34.76350021362305,12.859999656677246,100.75,89.52999877929688
2016-05-18,23.63999938964844,34.872501373291016,12.65999984741211,100.05999755859376,89.3499984741211
2016-05-19,23.549999237060547,34.92599868774414,12.739999771118164,99.8499984741211,90.11000061035156
2016-05-20,23.80500030517578,35.13999938964844,13.109999656677246,99.79000091552734,89.73999786376953
2016-05-23,24.107500076293945,34.837501525878906,13.1899995803833,99.37999725341795,89.5999984741211
2016-05-24,24.475000381469727,35.209999084472656,13.020000457763672,100.19000244140624,89.66999816894531
2016-05-25,24.905000686645508,35.41749954223633,13.539999961853027,101.7699966430664,90.26000213623048
2016-05-26,25.102500915527344,35.74549865722656,13.170000076293944,101.5,89.80000305175781
2016-05-27,25.08749961853028,35.61199951171875,12.899999618530272,102.0199966430664,90.01000213623047
2016-05-31,24.96500015258789,36.13949966430664,13.06999969482422,101.0,89.0199966430664
2016-06-01,24.614999771118164,35.97200012207031,13.229999542236328,101.12999725341795,89.23999786376953
2016-06-02,24.43000030517578,36.4119987487793,13.380000114440918,100.52999877929688,88.52999877929688
2016-06-03,24.479999542236328,36.277000427246094,13.31999969482422,100.66000366210938,88.37000274658203
2016-06-06,24.65749931335449,36.33649826049805,13.960000038146973,101.16999816894533,89.33999633789062
2016-06-07,24.75749969482422,36.1870002746582,14.619999885559082,103.31999969482422,90.70999908447266
2016-06-08,24.73500061035156,36.33200073242188,14.529999732971191,103.08999633789062,90.79000091552734
2016-06-09,24.912500381469727,36.38249969482422,14.260000228881836,102.80999755859376,90.66999816894533
2016-06-10,24.707500457763672,35.89550018310547,13.420000076293944,101.9800033569336,89.9800033569336
2016-06-13,24.334999084472656,35.762001037597656,13.279999732971191,102.0999984741211,90.58999633789062
2016-06-14,24.364999771118164,35.96500015258789,13.229999542236328,101.27999877929688,90.43000030517578
2016-06-15,24.28499984741211,35.7130012512207,13.0600004196167,100.62999725341795,90.16000366210938
2016-06-16,24.387500762939453,35.8754997253418,12.670000076293944,101.06999969482422,91.22000122070312
2016-06-17,23.832500457763672,35.31949996948242,13.15999984741211,101.56999969482422,90.72000122070312
2016-06-20,23.77499961853028,35.70050048828125,14.479999542236328,102.61000061035156,91.12000274658205
2016-06-21,23.977500915527344,35.79100036621094,15.09000015258789,103.23999786376952,91.52999877929688
2016-06-22,23.887500762939453,35.529998779296875,14.75,102.29000091552734,91.16999816894533
2016-06-23,24.02499961853028,36.104000091552734,15.270000457763672,104.44000244140624,91.8000030517578
2016-06-24,23.350000381469727,34.948001861572266,14.59000015258789,101.9000015258789,89.38999938964844
2016-06-27,23.01000022888184,34.56800079345703,13.65999984741211,100.36000061035156,88.86000061035156
2016-06-28,23.397499084472656,35.397499084472656,14.779999732971191,101.62999725341795,90.91000366210938
2016-06-29,23.600000381469727,35.779998779296875,15.140000343322754,103.41999816894533,92.45999908447266
2016-06-30,23.89999961853028,35.78099822998047,15.010000228881836,104.83000183105467,93.73999786376952
2016-07-01,23.97249984741211,36.28400039672852,15.68000030517578,104.1500015258789,93.83999633789062
2016-07-05,23.747499465942383,36.40499877929688,14.720000267028809,103.56999969482422,93.0199966430664
2016-07-06,23.88249969482422,36.88050079345703,14.84000015258789,104.58000183105467,94.08999633789062
2016-07-07,23.98500061035156,36.82849884033203,14.739999771118164,103.0500030517578,92.95999908447266
2016-07-08,24.170000076293945,37.29050064086914,14.920000076293944,104.7699966430664,93.54000091552734
2016-07-11,24.2450008392334,37.68899917602539,14.6899995803833,105.38999938964844,93.88999938964844
2016-07-12,24.354999542236328,37.41049957275391,15.600000381469728,106.77999877929688,94.9499969482422
2016-07-13,24.217500686645508,37.13150024414063,15.289999961853027,106.6500015258789,94.87999725341795
2016-07-14,24.69750022888184,37.060001373291016,15.270000457763672,106.6999969482422,94.9499969482422
2016-07-15,24.69499969482422,36.77199935913086,15.210000038146973,107.02999877929688,95.12000274658205
2016-07-18,24.957500457763672,36.80350112915039,15.18000030517578,106.08999633789062,94.81999969482422
2016-07-19,24.967500686645508,36.997501373291016,14.75,106.04000091552734,94.47000122070312
2016-07-20,24.989999771118164,37.2859992980957,14.84000015258789,105.58999633789062,93.93000030517578
2016-07-21,24.857500076293945,37.22150039672852,14.420000076293944,105.38999938964844,93.8499984741211
2016-07-22,24.665000915527344,37.24300003051758,14.109999656677246,105.66000366210938,94.01000213623048
2016-07-25,24.334999084472656,36.980499267578125,13.579999923706056,103.06999969482422,92.1999969482422
2016-07-26,24.167499542236328,36.77949905395508,13.779999732971191,102.68000030517578,91.52999877929688
2016-07-27,25.737499237060547,36.83349990844727,13.130000114440918,102.26000213623048,90.91000366210938
2016-07-28,26.084999084472656,37.63050079345703,13.350000381469728,101.79000091552734,90.1999969482422
2016-07-29,26.052499771118164,37.94049835205078,13.640000343322754,102.4800033569336,88.94999694824219
2016-08-01,26.512500762939453,38.387001037597656,12.920000076293944,99.11000061035156,85.86000061035156
2016-08-02,26.1200008392334,38.02899932861328,12.899999618530272,99.58999633789062,87.04000091552734
2016-08-03,26.44750022888184,37.73199844360352,13.420000076293944,100.61000061035156,87.48999786376953
2016-08-04,26.467500686645508,38.03850173950195,13.40999984741211,100.38999938964844,87.4800033569336
2016-08-05,26.8700008392334,38.29899978637695,13.869999885559082,100.51000213623048,87.55999755859375
2016-08-08,27.092500686645508,38.32799911499024,14.25,101.1999969482422,88.58999633789062
2016-08-09,27.20249938964844,38.41550064086914,14.420000076293944,101.31999969482422,88.69999694824219
2016-08-10,27.0,38.428001403808594,13.979999542236328,100.13999938964844,86.41000366210938
2016-08-11,26.982500076293945,38.5620002746582,14.449999809265137,101.4000015258789,86.72000122070312
2016-08-12,27.045000076293945,38.62799835205078,14.720000267028809,102.16000366210938,87.8499984741211
2016-08-15,27.3700008392334,38.42449951171875,14.899999618530272,102.7699966430664,87.80999755859375
2016-08-16,27.34499931335449,38.20199966430664,15.170000076293944,102.62000274658205,87.91999816894531
2016-08-17,27.30500030517578,38.23149871826172,15.699999809265137,102.22000122070312,88.11000061035156
2016-08-18,27.270000457763672,38.22299957275391,16.68000030517578,103.5500030517578,88.91000366210938
2016-08-19,27.34000015258789,37.865501403808594,16.799999237060547,102.31999969482422,87.80000305175781
2016-08-22,27.127500534057617,37.9739990234375,15.640000343322754,101.94000244140624,87.98999786376953
2016-08-23,27.21249961853028,38.122501373291016,16.43000030517578,101.68000030517578,87.72000122070312
2016-08-24,27.00749969482422,37.86249923706055,16.059999465942383,102.1999969482422,88.0199966430664
2016-08-25,26.89249992370605,37.96099853515625,16.010000228881836,101.88999938964844,87.45999908447266
2016-08-26,26.73500061035156,38.45000076293945,15.949999809265137,101.31999969482422,87.2699966430664
2016-08-29,26.70499992370605,38.56449890136719,15.989999771118164,102.0500030517578,87.83999633789062
2016-08-30,26.5,38.37900161743164,15.550000190734863,101.6999969482422,87.5199966430664
2016-08-31,26.52499961853028,38.45800018310547,15.020000457763672,100.58000183105467,87.13999938964844
2016-09-01,26.6825008392334,38.53099822998047,15.109999656677246,100.20999908447266,86.83999633789062
2016-09-02,26.9325008392334,38.62200164794922,15.489999771118164,100.93000030517578,87.41999816894531
2016-09-06,26.924999237060547,39.44350051879883,15.640000343322754,102.43000030517578,88.56999969482422
2016-09-07,27.09000015258789,39.2239990234375,15.6899995803833,102.87999725341795,88.23999786376953
2016-09-08,26.3799991607666,39.20299911499024,16.739999771118164,104.12000274658205,89.05000305175781
2016-09-09,25.78249931335449,38.00699996948242,15.670000076293944,101.2699966430664,86.83999633789062
2016-09-12,26.36000061035156,38.574501037597656,15.470000267028809,102.25,87.29000091552734
2016-09-13,26.987499237060547,38.05049896240234,14.34000015258789,99.43000030517578,85.20999908447266
2016-09-14,27.9424991607666,38.054500579833984,14.010000228881836,98.41999816894533,84.5999984741211
2016-09-15,28.89249992370605,38.484500885009766,14.260000228881836,99.5,85.08000183105469
2016-09-16,28.729999542236328,38.92599868774414,14.239999771118164,97.83999633789062,84.02999877929688
2016-09-19,28.395000457763672,38.755001068115234,14.09000015258789,98.04000091552734,83.83000183105469
2016-09-20,28.39249992370605,39.01100158691406,13.869999885559082,97.6999969482422,82.54000091552734
2016-09-21,28.387500762939453,39.48699951171875,14.649999618530272,99.62999725341795,83.30000305175781
2016-09-22,28.655000686645508,40.23500061035156,14.869999885559082,99.9800033569336,83.54000091552734
2016-09-23,28.177499771118164,40.28749847412109,14.489999771118164,99.22000122070312,83.44999694824219
2016-09-26,28.21999931335449,39.95800018310547,14.40999984741211,98.77999877929688,83.05999755859375
2016-09-27,28.272499084472656,40.80550003051758,14.0600004196167,98.9800033569336,83.23999786376953
2016-09-28,28.487499237060547,41.43600082397461,15.18000030517578,102.1500015258789,86.9000015258789
2016-09-29,28.045000076293945,41.45249938964844,15.899999618530272,101.2699966430664,86.45999908447266
2016-09-30,28.262500762939453,41.865501403808594,15.8100004196167,102.91999816894533,87.27999877929688
2016-10-03,28.1299991607666,41.83700180053711,15.979999542236328,102.4499969482422,87.05000305175781
2016-10-04,28.25,41.70149993896485,15.630000114440918,101.2699966430664,86.25
2016-10-05,28.262500762939453,42.21799850463867,16.1200008392334,102.2300033569336,87.0
2016-10-06,28.47249984741211,42.08300018310547,16.079999923706055,102.18000030517578,87.04000091552734
2016-10-07,28.51499938964844,41.97150039672852,15.5600004196167,102.2699966430664,86.73999786376953
2016-10-10,29.012500762939453,42.08549880981445,15.720000267028809,103.9800033569336,88.44000244140625
2016-10-11,29.075000762939453,41.54999923706055,15.079999923706056,103.04000091552734,87.73999786376953
2016-10-12,29.334999084472656,41.704498291015625,14.9399995803833,102.1500015258789,87.12999725341797
2016-10-13,29.2450008392334,41.4640007019043,14.779999732971191,100.79000091552734,86.55999755859375
2016-10-14,29.40749931335449,41.14799880981445,14.579999923706056,101.08000183105467,86.54000091552734
2016-10-17,29.387500762939453,40.647499084472656,14.18000030517578,101.36000061035156,86.54000091552734
2016-10-18,29.36750030517578,40.88249969482422,14.199999809265137,101.79000091552734,86.7699966430664
2016-10-19,29.280000686645508,40.884498596191406,14.649999618530272,102.2699966430664,87.16999816894531
2016-10-20,29.26499938964844,40.51599884033203,14.699999809265137,101.87000274658205,87.20999908447266
2016-10-21,29.14999961853028,40.949501037597656,14.640000343322754,101.3000030517578,86.62000274658203
2016-10-24,29.412500381469727,41.90449905395508,14.59000015258789,100.66000366210938,86.91000366210938
2016-10-25,29.5625,41.75899887084961,14.18000030517578,100.7699966430664,86.72000122070312
2016-10-26,28.897499084472656,41.12950134277344,14.25,101.19000244140624,87.08999633789062
2016-10-27,28.6200008392334,40.917999267578125,13.949999809265137,99.91999816894533,86.91999816894531
2016-10-28,28.43000030517578,38.81600189208984,13.720000267028809,103.81999969482422,84.77999877929688
2016-10-31,28.38500022888184,39.49100112915039,13.18000030517578,104.75,83.31999969482422
2016-11-01,27.872499465942383,39.27050018310547,13.270000457763672,106.4800033569336,83.6500015258789
2016-11-02,27.897499084472656,38.27799987792969,12.779999732971191,105.38999938964844,83.44999694824219
2016-11-03,27.457500457763672,38.35150146484375,14.149999618530272,105.38999938964844,83.66000366210938
2016-11-04,27.209999084472656,37.75249862670898,13.6899995803833,104.77999877929688,83.56999969482422
2016-11-07,27.602500915527344,39.24649810791016,14.149999618530272,106.8499984741211,85.44999694824219
2016-11-08,27.76499938964844,39.38750076293945,14.25,107.29000091552734,85.30999755859375
2016-11-09,27.71999931335449,38.59400177001953,14.880000114440918,107.63999938964844,86.25
2016-11-10,26.94750022888184,37.11899948120117,15.140000343322754,107.79000091552734,87.05000305175781
2016-11-11,27.107500076293945,36.95050048828125,14.890000343322754,106.63999938964844,85.66999816894531
2016-11-14,26.427499771118164,35.95349884033203,14.93000030517578,106.58999633789062,85.27999877929688
2016-11-15,26.77750015258789,37.1619987487793,15.699999809265137,108.95999908447266,86.81999969482422
2016-11-16,27.497499465942383,37.324501037597656,15.5600004196167,108.3499984741211,85.75
2016-11-17,27.487499237060547,37.81999969482422,15.460000038146973,108.12000274658205,85.2300033569336
2016-11-18,27.51499938964844,38.007999420166016,15.619999885559082,109.1999969482422,85.27999877929688
2016-11-21,27.9325008392334,39.0,16.479999542236328,110.18000030517578,86.48999786376953
2016-11-22,27.950000762939453,39.26649856567383,16.549999237060547,110.62000274658205,86.68000030517578
2016-11-23,27.8075008392334,39.00600051879883,16.780000686645508,111.0,86.91999816894531
2016-11-25,27.94750022888184,39.01850128173828,16.280000686645508,111.0,87.12000274658203
2016-11-28,27.89249992370605,38.3385009765625,15.539999961853027,110.5,86.47000122070312
2016-11-29,27.864999771118164,38.1259994506836,14.949999809265137,109.33999633789062,85.9000015258789
2016-11-30,27.6299991607666,37.52849960327149,18.059999465942383,111.55999755859376,87.30000305175781
2016-12-01,27.372499465942383,37.182498931884766,17.889999389648438,113.29000091552734,87.23999786376953
2016-12-02,27.475000381469727,37.016998291015625,18.200000762939453,113.0,87.04000091552734
2016-12-05,27.27750015258789,37.96799850463867,18.38999938964844,113.25,87.4800033569336
2016-12-06,27.487499237060547,38.23600006103516,18.350000381469727,112.76000213623048,87.55999755859375
2016-12-07,27.75749969482422,38.52099990844727,18.420000076293945,114.44000244140624,88.06999969482422
2016-12-08,28.030000686645508,38.36650085449219,18.3799991607666,115.16999816894533,88.31999969482422
2016-12-09,28.487499237060547,38.43299865722656,18.25,115.80999755859376,89.0
2016-12-12,28.325000762939453,38.00600051879883,18.489999771118164,117.1500015258789,90.9800033569336
2016-12-13,28.79750061035156,38.71699905395508,18.799999237060547,117.41999816894533,92.58000183105467
2016-12-14,28.79750061035156,38.44100189208984,18.200000762939453,115.95999908447266,90.58000183105467
2016-12-15,28.95499992370605,38.04999923706055,18.239999771118164,117.0500030517578,90.88999938964844
2016-12-16,28.99250030517578,37.88850021362305,18.59000015258789,118.08000183105467,91.18000030517578
2016-12-19,29.15999984741211,38.29999923706055,18.51000022888184,117.6500015258789,90.41999816894533
2016-12-20,29.237499237060547,38.56100082397461,18.309999465942383,117.9499969482422,90.43000030517578
2016-12-21,29.26499938964844,38.52999877929688,18.07999992370605,117.91000366210938,90.27999877929688
2016-12-22,29.07250022888184,38.31700134277344,18.040000915527344,118.7699966430664,90.87000274658205
2016-12-23,29.1299991607666,38.02949905395508,18.059999465942383,118.41999816894533,90.70999908447266
2016-12-27,29.315000534057617,38.56999969482422,18.13999938964844,118.22000122070312,90.75
2016-12-28,29.190000534057617,38.60649871826172,17.850000381469727,117.91000366210938,90.3000030517578
2016-12-29,29.1825008392334,38.25749969482422,17.56999969482422,117.81999969482422,90.3499984741211
2016-12-30,28.95499992370605,37.493499755859375,17.309999465942383,117.6999969482422,90.26000213623048
2017-01-03,29.037500381469727,37.68349838256836,,,
2017-01-04,29.0049991607666,37.85900115966797,,,
2017-01-05,29.15250015258789,39.022499084472656,,,
2017-01-06,29.477500915527344,39.79949951171875,,,
2017-01-09,29.747499465942383,39.84600067138672,,,
2017-01-10,29.77750015258789,39.79499816894531,,,
2017-01-11,29.9375,39.95100021362305,,,
2017-01-12,29.8125,40.68199920654297,,,
2017-01-13,29.76000022888184,40.85699844360352,,,
2017-01-17,30.0,40.48600006103516,,,
2017-01-18,29.997499465942383,40.374000549316406,,,
2017-01-19,29.94499969482422,40.45199966430664,,,
2017-01-20,30.0,40.416500091552734,,,
2017-01-23,30.020000457763672,40.89400100708008,,,
2017-01-24,29.99250030517578,41.12200164794922,,,
2017-01-25,30.46999931335449,41.82600021362305,,,
2017-01-26,30.48500061035156,41.95750045776367,,,
2017-01-27,30.487499237060547,41.78850173950195,,,
2017-01-30,30.40749931335449,41.51900100708008,,,
2017-01-31,30.33749961853028,41.17399978637695,,,
2017-02-01,32.1875,41.61750030517578,,,
2017-02-02,32.13249969482422,41.997501373291016,,,
2017-02-03,32.27000045776367,40.5099983215332,,,
2017-02-06,32.5724983215332,40.38199996948242,,,
2017-02-07,32.88249969482422,40.625,,,
2017-02-08,33.0099983215332,40.98550033569336,,,
2017-02-09,33.10499954223633,41.06800079345703,,,
2017-02-10,33.029998779296875,41.37300109863281,,,
2017-02-13,33.3224983215332,41.82649993896485,,,
2017-02-14,33.755001068115234,41.81949996948242,,,
2017-02-15,33.877498626708984,42.1349983215332,,,
2017-02-16,33.837501525878906,42.20700073242188,,,
2017-02-17,33.93000030517578,42.25350189208984,,,
2017-02-21,34.17499923706055,42.821998596191406,,,
2017-02-22,34.27750015258789,42.78049850463867,,,
2017-02-23,34.13249969482422,42.609500885009766,,,
2017-02-24,34.165000915527344,42.262001037597656,,,
2017-02-27,34.23249816894531,42.43199920654297,,,
2017-02-28,34.247501373291016,42.25199890136719,,,
2017-03-01,34.9474983215332,42.65399932861328,,,
2017-03-02,34.7400016784668,42.445499420166016,,,
2017-03-03,34.94499969482422,42.49399948120117,,,
2017-03-06,34.834999084472656,42.33050155639648,,,
2017-03-07,34.880001068115234,42.30099868774414,,,
2017-03-08,34.75,42.525001525878906,,,
2017-03-09,34.66999816894531,42.650001525878906,,,
2017-03-10,34.78499984741211,42.62300109863281,,,
2017-03-13,34.79999923706055,42.72949981689453,,,
2017-03-14,34.747501373291016,42.62649917602539,,,
2017-03-15,35.1150016784668,42.64849853515625,,,
2017-03-16,35.17250061035156,42.67100143432617,,,
2017-03-17,34.997501373291016,42.615501403808594,,,
2017-03-20,35.3650016784668,42.8484992980957,,,
2017-03-21,34.959999084472656,42.15999984741211,,,
2017-03-22,35.35499954223633,42.40299987792969,,,
2017-03-23,35.22999954223633,42.36899948120117,,,
2017-03-24,35.15999984741211,42.28049850463867,,,
2017-03-27,35.220001220703125,42.34099960327149,,,
2017-03-28,35.95000076293945,42.79999923706055,,,
2017-03-29,36.02999877929688,43.71599960327149,,,
2017-03-30,35.98249816894531,43.81700134277344,,,
2017-03-31,35.915000915527344,44.32699966430664,,,
2017-04-03,35.92499923706055,44.57550048828125,,,
2017-04-04,36.192501068115234,45.34149932861328,,,
2017-04-05,36.005001068115234,45.4640007019043,,,
2017-04-06,35.915000915527344,44.91400146484375,,,
2017-04-07,35.834999084472656,44.74399948120117,,,
2017-04-10,35.79249954223633,45.35200119018555,,,
2017-04-11,35.407501220703125,45.11800003051758,,,
2017-04-12,35.45000076293945,44.811500549316406,,,
2017-04-13,35.26250076293945,44.23350143432617,,,
2017-04-17,35.45750045776367,45.0994987487793,,,
2017-04-18,35.29999923706055,45.18899917602539,,,
2017-04-19,35.16999816894531,44.959999084472656,,,
2017-04-20,35.61000061035156,45.10300064086914,,,
2017-04-21,35.567501068115234,44.92649841308594,,,
2017-04-24,35.90999984741211,45.37049865722656,,,
2017-04-25,36.13249969482422,45.38100051879883,,,
2017-04-26,35.91999816894531,45.464500427246094,,,
2017-04-27,35.9474983215332,45.91899871826172,,,
2017-04-28,35.912498474121094,46.2495002746582,,,
2017-05-01,36.64500045776367,47.4114990234375,,,
2017-05-02,36.87749862670898,47.34700012207031,,,
2017-05-03,36.76499938964844,47.05149841308594,,,
2017-05-04,36.63249969482422,46.87649917602539,,,
2017-05-05,37.2400016784668,46.70750045776367,,,
2017-05-08,38.25249862670898,47.45199966430664,,,
2017-05-09,38.497501373291016,47.64099884033203,,,
2017-05-10,38.31499862670898,47.4474983215332,,,
2017-05-11,38.48749923706055,47.38100051879883,,,
2017-05-12,39.025001525878906,48.067501068115234,,,
2017-05-15,38.92499923706055,47.89849853515625,,,
2017-05-16,38.86750030517578,48.30350112915039,,,
2017-05-17,37.5625,47.23799896240234,,,
2017-05-18,38.1349983215332,47.92449951171875,,,
2017-05-19,38.26499938964844,47.992000579833984,,,
2017-05-22,38.497501373291016,48.53350067138672,,,
2017-05-23,38.45000076293945,48.57699966430664,,,
2017-05-24,38.334999084472656,49.01750183105469,,,
2017-05-25,38.46749877929688,49.66899871826172,,,
2017-05-26,38.40250015258789,49.78900146484375,,,
2017-05-30,38.41749954223633,49.834999084472656,,,
2017-05-31,38.18999862670898,49.73099899291992,,,
2017-06-01,38.29499816894531,49.79750061035156,,,
2017-06-02,38.86249923706055,50.33649826049805,,,
2017-06-05,38.48249816894531,50.56700134277344,,,
2017-06-06,38.61249923706055,50.150001525878906,,,
2017-06-07,38.84249877929688,50.50350189208984,,,
2017-06-08,38.747501373291016,50.51350021362305,,,
2017-06-09,37.244998931884766,48.91550064086914,,,
2017-06-12,36.35499954223633,48.24549865722656,,,
2017-06-13,36.647499084472656,49.03950119018555,,,
2017-06-14,36.290000915527344,48.82350158691406,,,
2017-06-15,36.0724983215332,48.20849990844727,,,
2017-06-16,35.567501068115234,49.385501861572266,,,
2017-06-19,36.584999084472656,49.75849914550781,,,
2017-06-20,36.25249862670898,49.62950134277344,,,
2017-06-21,36.46749877929688,50.11149978637695,,,
2017-06-22,36.407501220703125,50.06499862670898,,,
2017-06-23,36.56999969482422,50.1870002746582,,,
2017-06-26,36.45500183105469,49.69900131225586,,,
2017-06-27,35.932498931884766,48.8390007019043,,,
2017-06-28,36.45750045776367,49.51649856567383,,,
2017-06-29,35.91999816894531,48.79650115966797,,,
2017-06-30,36.005001068115234,48.400001525878906,,,
2017-07-03,35.875,47.68299865722656,,,
2017-07-05,36.022499084472656,48.56999969482422,,,
2017-07-06,35.682498931884766,48.25699996948242,,,
2017-07-07,36.04499816894531,48.9379997253418,,,
2017-07-10,36.26499938964844,49.82350158691406,,,
2017-07-11,36.38249969482422,49.70650100708008,,,
2017-07-12,36.435001373291016,50.32550048828125,,,
2017-07-13,36.942501068115234,50.03150177001953,,,
2017-07-14,37.2599983215332,50.09049987792969,,,
2017-07-17,37.38999938964844,50.50199890136719,,,
2017-07-18,37.52000045776367,51.22249984741211,,,
2017-07-19,37.755001068115234,51.34349822998047,,,
2017-07-20,37.584999084472656,51.435001373291016,,,
2017-07-21,37.567501068115234,51.28350067138672,,,
2017-07-24,38.022499084472656,51.9474983215332,,,
2017-07-25,38.185001373291016,51.993499755859375,,,
2017-07-26,38.3650016784668,52.63999938964844,,,
2017-07-27,37.63999938964844,52.29999923706055,,,
2017-07-28,37.375,51.00199890136719,,,
2017-07-31,37.182498931884766,49.38899993896485,,,
2017-08-01,37.51250076293945,49.80950164794922,,,
2017-08-02,39.28499984741211,49.79449844360352,,,
2017-08-03,38.89250183105469,49.34600067138672,,,
2017-08-04,39.09749984741211,49.37900161743164,,,
2017-08-07,39.70249938964844,49.61349868774414,,,
2017-08-08,40.02000045776367,49.492000579833984,,,
2017-08-09,40.26499938964844,49.10049819946289,,,
2017-08-10,38.83000183105469,47.84600067138672,,,
2017-08-11,39.369998931884766,48.39950180053711,,,
2017-08-14,39.962501525878906,49.165000915527344,,,
2017-08-15,40.400001525878906,49.137001037597656,,,
2017-08-16,40.23749923706055,48.90900039672852,,,
2017-08-17,39.46500015258789,48.02849960327149,,,
2017-08-18,39.375,47.92350006103516,,,
2017-08-21,39.3025016784668,47.66450119018555,,,
2017-08-22,39.94499969482422,48.345001220703125,,,
2017-08-23,39.994998931884766,47.900001525878906,,,
2017-08-24,39.817501068115234,47.622501373291016,,,
2017-08-25,39.96500015258789,47.26300048828125,,,
2017-08-28,40.36750030517578,47.30099868774414,,,
2017-08-29,40.727500915527344,47.70299911499024,,,
2017-08-30,40.837501525878906,48.37950134277344,,,
2017-08-31,41.0,49.02999877929688,,,
2017-09-01,41.01250076293945,48.91249847412109,,,
2017-09-05,40.52000045776367,48.26350021362305,,,
2017-09-06,40.477500915527344,48.38999938964844,,,
2017-09-07,40.31499862670898,48.9734992980957,,,
2017-09-08,39.657501220703125,48.29499816894531,,,
2017-09-11,40.375,48.89799880981445,,,
2017-09-12,40.21500015258789,49.12900161743164,,,
2017-09-13,39.91249847412109,49.97999954223633,,,
2017-09-14,39.56999969482422,49.61050033569336,,,
2017-09-15,39.970001220703125,49.339500427246094,,,
2017-09-18,39.66749954223633,48.70949935913086,,,
2017-09-19,39.682498931884766,48.49300003051758,,,
2017-09-20,39.01750183105469,48.66049957275391,,,
2017-09-21,38.34749984741211,48.23249816894531,,,
2017-09-22,37.97249984741211,47.755001068115234,,,
2017-09-25,37.63750076293945,46.98949813842773,,,
2017-09-26,38.28499984741211,46.93000030517578,,,
2017-09-27,38.557498931884766,47.54349899291992,,,
2017-09-28,38.31999969482422,47.81999969482422,,,
2017-09-29,38.52999877929688,48.067501068115234,,,
2017-10-02,38.45249938964844,47.95949935913086,,,
2017-10-03,38.619998931884766,47.85499954223633,,,
2017-10-04,38.369998931884766,48.272499084472656,,,
2017-10-05,38.84749984741211,49.04249954223633,,,
2017-10-06,38.82500076293945,49.479000091552734,,,
2017-10-09,38.959999084472656,49.54949951171875,,,
2017-10-10,38.97499847412109,49.36000061035156,,,
2017-10-11,39.13750076293945,49.75,,,
2017-10-12,39.0,50.04650115966797,,,
2017-10-13,39.247501373291016,50.14699935913086,,,
2017-10-16,39.970001220703125,50.31700134277344,,,
2017-10-17,40.11750030517578,50.45650100708008,,,
2017-10-18,39.93999862670898,49.84999847412109,,,
2017-10-19,38.994998931884766,49.33050155639648,,,
2017-10-20,39.0625,49.14550018310547,,,
2017-10-23,39.04249954223633,48.31499862670898,,,
2017-10-24,39.275001525878906,48.79499816894531,,,
2017-10-25,39.102500915527344,48.64550018310547,,,
2017-10-26,39.352500915527344,48.62149810791016,,,
2017-10-27,40.76250076293945,55.04750061035156,,,
2017-10-30,41.68000030517578,55.54249954223633,,,
2017-10-31,42.2599983215332,55.26399993896485,,,
2017-11-01,41.72249984741211,55.18399810791016,,,
2017-11-02,42.02750015258789,54.71099853515625,,,
2017-11-03,43.125,55.58000183105469,,,
2017-11-06,43.5625,56.03300094604492,,,
2017-11-07,43.70249938964844,56.15850067138672,,,
2017-11-08,44.060001373291016,56.64400100708008,,,
2017-11-09,43.970001220703125,56.45650100708008,,,
2017-11-10,43.66749954223633,56.26750183105469,,,
2017-11-13,43.49250030517578,56.45849990844727,,,
2017-11-14,42.834999084472656,56.84199905395508,,,
2017-11-15,42.27000045776367,56.33449935913086,,,
2017-11-16,42.775001525878906,56.86449813842773,,,
2017-11-17,42.53749847412109,56.49399948120117,,,
2017-11-20,42.494998931884766,56.31549835205078,,,
2017-11-21,43.28499984741211,56.9744987487793,,,
2017-11-22,43.7400016784668,57.80799865722656,,,
2017-11-24,43.74250030517578,59.29999923706055,,,
2017-11-27,43.522499084472656,59.791500091552734,,,
2017-11-28,43.26750183105469,59.68000030517578,,,
2017-11-29,42.369998931884766,58.0634994506836,,,
2017-11-30,42.962501525878906,58.837501525878906,,,
2017-12-01,42.76250076293945,58.11750030517578,,,
2017-12-04,42.45000076293945,56.6974983215332,,,
2017-12-05,42.40999984741211,57.07849884033203,,,
2017-12-06,42.25249862670898,57.61750030517578,,,
2017-12-07,42.33000183105469,57.98949813842773,,,
2017-12-08,42.34249877929688,58.09999847412109,,,
2017-12-11,43.16749954223633,58.44599914550781,,,
2017-12-12,42.92499923706055,58.25400161743164,,,
2017-12-13,43.067501068115234,58.20650100708008,,,
2017-12-14,43.05500030517578,58.7130012512207,,,
2017-12-15,43.49250030517578,58.95700073242188,,,
2017-12-18,44.10499954223633,59.52899932861328,,,
2017-12-19,43.6349983215332,59.36899948120117,,,
2017-12-20,43.587501525878906,58.88100051879883,,,
2017-12-21,43.75249862670898,58.73799896240234,,,
2017-12-22,43.75249862670898,58.417999267578125,,,
2017-12-26,42.64250183105469,58.8380012512207,,,
2017-12-27,42.650001525878906,59.11299896240234,,,
2017-12-28,42.77000045776367,59.30500030517578,,,
2017-12-29,42.307498931884766,58.4734992980957,,,
2018-01-02,,59.45050048828125,,,
2018-01-03,,60.209999084472656,,,
2018-01-04,,60.47949981689453,,,
2018-01-05,,61.457000732421875,,,
2018-01-08,,62.34349822998047,,,
2018-01-09,,62.6349983215332,,,
2018-01-10,,62.71649932861328,,,
2018-01-11,,63.83399963378906,,,
2018-01-12,,65.26000213623047,,,
2018-01-16,,65.24299621582031,,,
2018-01-17,,64.75,,,
2018-01-18,,64.66600036621094,,,
2018-01-19,,64.72899627685547,,,
2018-01-22,,66.3655014038086,,,
2018-01-23,,68.12699890136719,,,
2018-01-24,,67.87550354003906,,,
2018-01-25,,68.89749908447266,,,
2018-01-26,,70.10250091552734,,,
2018-01-29,,70.88400268554688,,,
2018-01-30,,71.89099884033203,,,
2018-01-31,,72.54450225830078,,,
2018-02-01,,69.5,,,
2018-02-02,,71.49749755859375,,,
2018-02-05,,69.5,,,
2018-02-06,,72.14199829101562,,,
2018-02-07,,70.83899688720703,,,
2018-02-08,,67.5250015258789,,,
2018-02-09,,66.9800033569336,,,
2018-02-12,,69.3115005493164,,,
2018-02-13,,70.72550201416016,,,
2018-02-14,,72.55249786376953,,,
2018-02-15,,73.08799743652344,,,
2018-02-16,,72.43450164794922,,,
2018-02-20,,73.4175033569336,,,
2018-02-21,,74.14600372314453,,,
2018-02-22,,74.26699829101562,,,
2018-02-23,,75.0,,,
2018-02-26,,76.09750366210938,,,
2018-02-27,,75.5989990234375,,,
2018-02-28,,75.62249755859375,,,
2018-03-01,,74.67250061035156,,,
2018-03-02,,75.01249694824219,,,
2018-03-05,,76.18049621582031,,,
2018-03-06,,76.88200378417969,,,
2018-03-07,,77.25,,,
2018-03-08,,77.59300231933594,,,
2018-03-09,,78.94450378417969,,,
2018-03-12,,79.91950225830078,,,
2018-03-13,,79.40899658203125,,,
2018-03-14,,79.55000305175781,,,
2018-03-15,,79.11599731445312,,,
2018-03-16,,78.58399963378906,,,
2018-03-19,,77.24649810791016,,,
2018-03-20,,79.32550048828125,,,
2018-03-21,,79.09300231933594,,,
2018-03-22,,77.24600219726562,,,
2018-03-23,,74.77799987792969,,,
2018-03-26,,77.79299926757812,,,
2018-03-27,,74.85250091552734,,,
2018-03-28,,71.57099914550781,,,
2018-03-29,,72.36699676513672,,,
2018-04-02,,68.59950256347656,,,
2018-04-03,,69.60250091552734,,,
2018-04-04,,70.52850341796875,,,
2018-04-05,,72.5875015258789,,,
2018-04-06,,70.2614974975586,,,
2018-04-09,,70.30400085449219,,,
2018-04-10,,71.81099700927734,,,
2018-04-11,,71.35250091552734,,,
2018-04-12,,72.42500305175781,,,
2018-04-13,,71.53949737548828,,,
2018-04-16,,72.07499694824219,,,
2018-04-17,,75.19149780273438,,,
2018-04-18,,76.39199829101562,,,
2018-04-19,,77.84549713134766,,,
2018-04-20,,76.37449645996094,,,
2018-04-23,,75.89299774169922,,,
2018-04-24,,73.00450134277344,,,
2018-04-25,,73.00849914550781,,,
2018-04-26,,75.89800262451172,,,
2018-04-27,,78.63099670410156,,,
2018-04-30,,78.30650329589844,,,
2018-05-01,,79.11299896240234,,,
2018-05-02,,78.48400115966797,,,
2018-05-03,,78.60399627685547,,,
2018-05-04,,79.04750061035156,,,
2018-05-07,,80.00700378417969,,,
2018-05-08,,79.61949920654297,,,
2018-05-09,,80.4000015258789,,,
2018-05-10,,80.4540023803711,,,
2018-05-11,,80.14550018310547,,,
2018-05-14,,80.0770034790039,,,
2018-05-15,,78.80599975585938,,,
2018-05-16,,79.36399841308594,,,
2018-05-17,,79.08799743652344,,,
2018-05-18,,78.71849822998047,,,
2018-05-21,,79.27300262451172,,,
2018-05-22,,79.06999969482422,,,
2018-05-23,,80.09300231933594,,,
2018-05-24,,80.15350341796875,,,
2018-05-25,,80.50749969482422,,,
2018-05-29,,80.64350128173828,,,
2018-05-30,,81.24449920654297,,,
2018-05-31,,81.48100280761719,,,
2018-06-01,,82.0770034790039,,,
2018-06-04,,83.26349639892578,,,
2018-06-05,,84.81749725341797,,,
2018-06-06,,84.7874984741211,,,
2018-06-07,,84.46499633789062,,,
2018-06-08,,84.19950103759766,,,
2018-06-11,,84.45600128173828,,,
2018-06-12,,84.9375,,,
2018-06-13,,85.24299621582031,,,
2018-06-14,,86.19300079345703,,,
2018-06-15,,85.79850006103516,,,
2018-06-18,,86.18949890136719,,,
2018-06-19,,86.73899841308594,,,
2018-06-20,,87.50399780273438,,,
2018-06-21,,86.51100158691406,,,
2018-06-22,,85.78350067138672,,,
2018-06-25,,83.15750122070312,,,
2018-06-26,,84.55449676513672,,,
2018-06-27,,83.02549743652344,,,
2018-06-28,,85.07250213623047,,,
2018-06-29,,84.98999786376953,,,
2018-07-02,,85.68900299072266,,,
2018-07-03,,84.697998046875,,,
2018-07-05,,84.98650360107422,,,
2018-07-06,,85.53150177001953,,,
2018-07-09,,86.95099639892578,,,
2018-07-10,,87.15350341796875,,,
2018-07-11,,87.75,,,
2018-07-12,,89.83100128173828,,,
2018-07-13,,90.65149688720703,,,
2018-07-16,,91.12449645996094,,,
2018-07-17,,92.19650268554688,,,
2018-07-18,,92.14600372314453,,,
2018-07-19,,90.64849853515625,,,
2018-07-20,,90.68499755859375,,,
2018-07-23,,90.0999984741211,,,
2018-07-24,,91.46199798583984,,,
2018-07-25,,93.18049621582031,,,
2018-07-26,,90.4000015258789,,,
2018-07-27,,90.8635025024414,,,
2018-07-30,,88.96099853515625,,,
2018-07-31,,88.87200164794922,,,
2018-08-01,,89.8584976196289,,,
2018-08-02,,91.71649932861328,,,
2018-08-03,,91.16449737548828,,,
2018-08-06,,92.38749694824219,,,
2018-08-07,,93.1240005493164,,,
2018-08-08,,94.32599639892578,,,
2018-08-09,,94.9260025024414,,,
2018-08-10,,94.31500244140625,,,
2018-08-13,,94.80999755859375,,,
2018-08-14,,95.98249816894531,,,
2018-08-15,,94.13099670410156,,,
2018-08-16,,94.32599639892578,,,
2018-08-17,,94.11100006103516,,,
2018-08-20,,93.83550262451172,,,
2018-08-21,,94.1709976196289,,,
2018-08-22,,95.24500274658203,,,
2018-08-23,,95.1449966430664,,,
2018-08-24,,95.26950073242188,,,
2018-08-27,,96.38400268554688,,,
2018-08-28,,96.64099884033203,,,
2018-08-29,,99.90499877929688,,,
2018-08-30,,100.11900329589844,,,
2018-08-31,,100.635498046875,,,
2018-09-04,,101.97550201416016,,,
2018-09-05,,99.74099731445312,,,
2018-09-06,,97.91549682617188,,,
2018-09-07,,97.60350036621094,,,
2018-09-10,,96.95050048828125,,,
2018-09-11,,99.35749816894531,,,
2018-09-12,,99.5,,,
2018-09-13,,99.49349975585938,,,
2018-09-14,,98.5094985961914,,,
2018-09-17,,95.40149688720703,,,
2018-09-18,,97.05249786376953,,,
2018-09-19,,96.32099914550781,,,
2018-09-20,,97.21499633789062,,,
2018-09-21,,95.75050354003906,,,
2018-09-24,,96.71800231933594,,,
2018-09-25,,98.72750091552734,,,
2018-09-26,,98.74250030517578,,,
2018-09-27,,100.64900207519531,,,
2018-09-28,,100.1500015258789,,,
2018-10-01,,100.21800231933594,,,
2018-10-02,,98.56549835205078,,,
2018-10-03,,97.63800048828125,,,
2018-10-04,,95.47100067138672,,,
2018-10-05,,94.48249816894531,,,
2018-10-08,,93.22100067138672,,,
2018-10-09,,93.51599884033203,,,
2018-10-10,,87.76249694824219,,,
2018-10-11,,85.96800231933594,,,
2018-10-12,,89.43049621582031,,,
2018-10-15,,88.04750061035156,,,
2018-10-16,,90.99800109863281,,,
2018-10-17,,91.58650207519531,,,
2018-10-18,,88.53600311279297,,,
2018-10-19,,88.20149993896484,,,
2018-10-22,,89.46499633789062,,,
2018-10-23,,88.43499755859375,,,
2018-10-24,,83.20999908447266,,,
2018-10-25,,89.1084976196289,,,
2018-10-26,,82.1405029296875,,,
2018-10-29,,76.94400024414062,,,
2018-10-30,,76.52100372314453,,,
2018-10-31,,79.90049743652344,,,
2018-11-01,,83.27649688720703,,,
2018-11-02,,83.27649688720703,,,
2018-11-05,,81.38999938964844,,,
2018-11-06,,82.1405029296875,,,
2018-11-07,,87.77449798583984,,,
2018-11-08,,87.74549865722656,,,
2018-11-09,,85.62149810791016,,,
2018-11-12,,81.84249877929688,,,
2018-11-13,,81.55850219726562,,,
2018-11-14,,79.95050048828125,,,
2018-11-15,,80.97200012207031,,,
2018-11-16,,79.67050170898438,,,
2018-11-19,,75.614501953125,,,
2018-11-20,,74.77300262451172,,,
2018-11-21,,75.83650207519531,,,
2018-11-23,,75.10299682617188,,,
2018-11-26,,79.06649780273438,,,
2018-11-27,,79.07099914550781,,,
2018-11-28,,83.88749694824219,,,
2018-11-29,,83.67849731445312,,,
2018-11-30,,84.50849914550781,,,
2018-12-03,,88.61799621582031,,,
2018-12-04,,83.41999816894531,,,
2018-12-06,,84.95950317382812,,,
2018-12-07,,81.45649719238281,,,
2018-12-10,,82.05149841308594,,,
2018-12-11,,82.16200256347656,,,
2018-12-12,,83.177001953125,,,
2018-12-13,,82.91899871826172,,,
2018-12-14,,79.59549713134766,,,
2018-12-17,,76.04550170898438,,,
2018-12-18,,77.5739974975586,,,
2018-12-19,,74.75399780273438,,,
2018-12-20,,73.04149627685547,,,
2018-12-21,,68.87249755859375,,,
2018-12-24,,67.197998046875,,,
2018-12-26,,73.54499816894531,,,
2018-12-27,,73.08200073242188,,,
2018-12-28,,73.9010009765625,,,
2018-12-31,,75.09850311279297,,,
